title,link,image,lprice,hprice,mallName,productId,productType,brand,maker,category1,category2,category3,category4,keyword
[봉동당] <b>두바이 쫀득쿠키</b> (피스타치오 카다이프 두바이 초콜렛),https://smartstore.naver.com/main/products/12820578011,https://shopping-phinf.pstatic.net/main_9036508/90365088960.jpg,4590,,봉동당,90365088960,2,,,식품,과자/베이커리,스낵,쿠키/비스킷,두바이 쫀득쿠키
빅 <b>두바이쫀득쿠키</b> 100g 2개입(총 200g) 두쫀쿠 모찌쿠키 카다이프 피스타치오,https://smartstore.naver.com/main/products/12789818146,https://shopping-phinf.pstatic.net/main_9033432/90334329094.4.jpg,25900,,규린이네수제과일청,90334329094,2,,,식품,과자/베이커리,스낵,쿠키/비스킷,두바이 쫀득쿠키
꽁이즈케이크릿 <b>두바이 쫀득쿠키</b> 핸드메이드 수제디저트 선물세트 답례품,https://smartstore.naver.com/main/products/11664710530,https://shopping-phinf.pstatic.net/main_8920922/89209220997.3.jpg,5400,,꽁이즈 케이크릿,89209220997,2,,,식품,과자/베이커리,스낵,쿠키/비스킷,두바이 쫀득쿠키
원조 <b>두바이쫀득쿠키</b> 쫀득볼 2세대 모찌쿠키 초콜릿 크리스마스 새해 선물 결혼식 남친 여친,https://smartstore.naver.com/main/products/11722894530,https://shopping-phinf.pstatic.net/main_8926740/89267405029.2.jpg,22900,,몬트쿠키,89267405029,2,,,식품,과자/베이커리,스낵,쿠키/비스킷,두바이 쫀득쿠키
<b>두바이 쫀득쿠키</b>세트(4ea),https://smartstore.naver.com/main/products/12793614783,https://shopping-phinf.pstatic.net/main_9033812/90338125732.2.jpg,22000,,가온베이커리 일산버터스콘,90338125732,2,,,식품,과자/베이커리,스낵,쿠키/비스킷,두바이 쫀득쿠키
<b>두바이 쫀득쿠키</b> 2세대 쫀득볼 모찌 답례품 선물,https://smartstore.naver.com/main/products/12634797302,https://shopping-phinf.pstatic.net/main_9017930/90179308208.jpg,4900,,조이츠,90179308208,2,,,식품,과자/베이커리,스낵,쿠키/비스킷,두바이 쫀득쿠키
<b>두바이쫀득쿠키</b> 6구 세트 (300g) 두바이쫀득모찌 쫀득쿠키택배 두바이쫀득볼 에이미미버터,https://smartstore.naver.com/main/products/12576943701,https://shopping-phinf.pstatic.net/main_9012145/90121454557.2.jpg,36000,,망구스디저트,90121454557,2,,,식품,과자/베이커리,스낵,쿠키/비스킷,두바이 쫀득쿠키
황홀스레 <b>두바이 쫀득쿠키</b> 생피스타치오 천연버터,https://smartstore.naver.com/main/products/12669876991,https://shopping-phinf.pstatic.net/main_9021438/90214387897.1.jpg,26500,,황홀스레 디저트,90214387897,2,,,식품,과자/베이커리,스낵,쿠키/비스킷,두바이 쫀득쿠키
<b>두바이 쫀득 쿠키</b> 모찌 답례품 선물 디저트 간식 졸업 응원 새해,https://smartstore.naver.com/main/products/12608514589,https://shopping-phinf.pstatic.net/main_9015302/90153025445.2.jpg,10800,,꾸밈디저트,90153025445,2,,,식품,과자/베이커리,스낵,쿠키/비스킷,두바이 쫀득쿠키
원조 <b>두바이 쫀득쿠키</b> 3세대 두쫀쿠 쫀득 모찌 볼 택배 초코 두비이 두쫀모찌 60g x4개,https://smartstore.naver.com/main/products/12913776103,https://shopping-phinf.pstatic.net/main_9045828/90458287095.jpg,24900,,브레두잇,90458287095,2,,,식품,과자/베이커리,스낵,쿠키/비스킷,두바이 쫀득쿠키
수제 <b>두바이쫀득쿠키</b>2구 디저트 선물 카다이프 모찌 디저트 초콜릿 회사 답례품 두쫀쿠 캠핑 결혼식,https://smartstore.naver.com/main/products/12730574921,https://shopping-phinf.pstatic.net/main_9027508/90275085862.1.jpg,11400,,Dessert4U,90275085862,2,,,식품,과자/베이커리,스낵,쿠키/비스킷,두바이 쫀득쿠키
<b>두바이쫀득</b>김밥 초콜릿 <b>쫀득쿠키</b> 새해 선물,https://smartstore.naver.com/main/products/12859238314,https://shopping-phinf.pstatic.net/main_9040374/90403749307.jpg,23000,,원투고홈,90403749307,2,,,식품,과자/베이커리,스낵,쿠키/비스킷,두바이 쫀득쿠키
[동그라미<b>쿠키</b>] 수제<b>쿠키</b> <b>두바이</b>초콜릿 외 14종 간식 회사 디저트 선물 답례품,https://smartstore.naver.com/main/products/5833881427,https://shopping-phinf.pstatic.net/main_8337838/83378380841.8.jpg,8900,,동그라미쿠키,83378380841,2,,,식품,과자/베이커리,스낵,쿠키/비스킷,두바이 쫀득쿠키
해피버스데이 1+1+1 <b>두바이쫀득쿠키</b> 카다이프 피스타치오 가득 두쫀쿠 세트 오픈 이벤트,https://smartstore.naver.com/main/products/12923571568,https://shopping-phinf.pstatic.net/main_9046808/90468082560.jpg,13500,,해피버스데이케이크,90468082560,2,,,식품,과자/베이커리,스낵,쿠키/비스킷,두바이 쫀득쿠키
두쫀쿠 <b>두바이 쫀득</b> 초코 모찌 <b>쿠키</b> <b>두바이</b>초코모찌 240g,https://smartstore.naver.com/main/products/12814126280,https://shopping-phinf.pstatic.net/main_9035863/90358637229.2.jpg,13800,,ㅍㅏㅁ,90358637229,2,,,식품,과자/베이커리,스낵,쿠키/비스킷,두바이 쫀득쿠키
"<b>두바이쫀득쿠키</b> 75g, 1개",https://search.shopping.naver.com/catalog/58390333801,https://shopping-phinf.pstatic.net/main_5839033/58390333801.20260105103335.jpg,7100,,네이버,58390333801,1,,,식품,과자/베이커리,스낵,쿠키/비스킷,두바이 쫀득쿠키
[쿠커바켓] <b>두바이</b> 외 마시멜로 <b>쫀득 쿠키</b> 10종,https://m.a-bly.com/goods/30877809?utm_source=web_naver-shopping&utm_medium=display&utm_campaign=web_naver-shopping&utm_content=30877809,https://shopping-phinf.pstatic.net/main_5092604/50926047269.5.jpg,6000,,ABLY,50926047269,2,,,식품,과자/베이커리,스낵,쿠키/비스킷,두바이 쫀득쿠키
[림온심 <b>두바이</b> 디저트] 초콜릿 <b>쫀득쿠키</b> 휘낭시에 브라우니 카다이프 피스타치오,https://smartstore.naver.com/main/products/10413622168,https://shopping-phinf.pstatic.net/main_8795812/87958127144.3.jpg,6300,,림온심,87958127144,2,,,식품,과자/베이커리,스낵,쿠키/비스킷,두바이 쫀득쿠키
<b>두바이쫀득쿠키</b> 80g,https://smartstore.naver.com/main/products/11785885911,https://shopping-phinf.pstatic.net/main_8933039/89330396498.jpg,22000,,베이커리쥬,89330396498,2,,,식품,과자/베이커리,스낵,쿠키/비스킷,두바이 쫀득쿠키
"[에인트커피] <b>두바이쫀득쿠키</b> 두쫀쿠 (카다이프,피스타치오 100% 두바이 초콜릿 쫀득볼)",https://smartstore.naver.com/main/products/5765158488,https://shopping-phinf.pstatic.net/main_8330965/83309657902.1.jpg,17700,,aint,83309657902,2,,,식품,과자/베이커리,스낵,쿠키/비스킷,두바이 쫀득쿠키
마시멜로 2세대 <b>두바이 쫀득쿠키</b>,https://smartstore.naver.com/main/products/12005181357,https://shopping-phinf.pstatic.net/main_8954969/89549692045.jpg,6500,,쿠커바켓,89549692045,2,,,식품,과자/베이커리,스낵,쿠키/비스킷,두바이 쫀득쿠키
"BIG 대왕 두쫀쿠 택배 /4알280g 고소함 극강 <b>두바이 쫀득 쿠키</b> 두바이모찌, 70g, 4개",https://smartstore.naver.com/main/products/12625992892,https://shopping-phinf.pstatic.net/main_9017050/90170503749.2.jpg,32000,,팔레트202,90170503749,2,,,식품,과자/베이커리,스낵,쿠키/비스킷,두바이 쫀득쿠키
<b>두바이 쫀득</b> 초코볼 <b>쿠키</b> 초코볼 답례품(4개입) 대량 납품 가능,https://smartstore.naver.com/main/products/12764761339,https://shopping-phinf.pstatic.net/main_9030927/90309272288.1.jpg,16720,,디토FNB,90309272288,2,,초코텍,식품,과자/베이커리,스낵,쿠키/비스킷,두바이 쫀득쿠키
<b>두바이쫀득쿠키</b> 6개 [어울림떡누리],https://smartstore.naver.com/main/products/12803274987,https://shopping-phinf.pstatic.net/main_9034778/90347785936.2.jpg,40000,,어울림떡누리,90347785936,2,,,식품,과자/베이커리,스낵,쿠키/비스킷,두바이 쫀득쿠키
다크 <b>두바이 쫀득쿠키</b> 모찌쿠키 95g~120g이상,https://smartstore.naver.com/main/products/11823961858,https://shopping-phinf.pstatic.net/main_8936847/89368472445.2.jpg,11900,,숨바꼭집 디저트 카페,89368472445,2,,,식품,과자/베이커리,스낵,쿠키/비스킷,두바이 쫀득쿠키
<b>두바이 쫀득</b>볼 50g 맛있는 <b>쫀득쿠키</b>,https://search.shopping.naver.com/catalog/58405436101,https://shopping-phinf.pstatic.net/main_5840543/58405436101.20260107123817.jpg,4200,,네이버,58405436101,1,,,식품,과자/베이커리,스낵,쿠키/비스킷,두바이 쫀득쿠키
팜스맘스베이킹 5 1 2세대 <b>두바이 쫀득쿠키</b> 5통주문시1통,https://search.shopping.naver.com/catalog/55771417062,https://shopping-phinf.pstatic.net/main_5577141/55771417062.20250713155702.jpg,11800,,네이버,55771417062,1,,,식품,과자/베이커리,스낵,쿠키/비스킷,두바이 쫀득쿠키
"<b>두바이</b>스타일 카다이프 <b>쫀득</b>볼 100g, 1개",https://search.shopping.naver.com/catalog/58390847309,https://shopping-phinf.pstatic.net/main_5839084/58390847309.20260105115205.jpg,4900,,네이버,58390847309,1,,,식품,과자/베이커리,스낵,쿠키/비스킷,두바이 쫀득쿠키
두쫀쿠 <b>두바이</b>스타일 <b>쫀득쿠키</b> 카다이프 <b>쫀득</b>볼 50g 2개 100g 두쫀<b>쿠키</b> 맛집 택배 선물,https://smartstore.naver.com/main/products/12927154669,https://shopping-phinf.pstatic.net/main_9047166/90471665661.jpg,7900,,행복행운작업실 그림,90471665661,2,,초코텍,식품,과자/베이커리,스낵,쿠키/비스킷,두바이 쫀득쿠키
쫀득쿠키 만들기 diy 두쫀쿠 <b>두바이 쫀득 쿠키</b> 키트 누가크래커 설화병 오레오 마시멜로우,https://smartstore.naver.com/main/products/11288221879,https://shopping-phinf.pstatic.net/main_8883273/88832732210.1.jpg,28900,,소녀제과,88832732210,2,,,식품,과자/베이커리,스낵,쿠키/비스킷,두바이 쫀득쿠키
구운 카다이프면 500g 볶은 <b>두바이 쫀득쿠키</b> 만들기 재료,https://search.shopping.naver.com/catalog/58283523287,https://shopping-phinf.pstatic.net/main_5828352/58283523287.20251226194550.jpg,35110,,네이버,58283523287,1,,,식품,과자/베이커리,스낵,쿠키/비스킷,두바이 쫀득쿠키
수제 피스타치오 카다이프 페이스트 스프레드 <b>두바이</b> 2세대 <b>쫀득쿠키</b> 초콜릿 이탈리아 새해 연말,https://smartstore.naver.com/main/products/12903467111,https://shopping-phinf.pstatic.net/main_9044797/90447978103.jpg,23900,,몬트쿠키,90447978103,2,,,식품,과자/베이커리,스낵,쿠키/비스킷,두바이 쫀득쿠키
몬트쿠키 원조 <b>두바이쫀득쿠키</b> 쫀득볼 2세대 모찌쿠키 초콜릿 약16개 400g,https://search.shopping.naver.com/catalog/58261229395,https://shopping-phinf.pstatic.net/main_5826122/58261229395.20251224223755.jpg,31340,,네이버,58261229395,1,,,식품,과자/베이커리,스낵,쿠키/비스킷,두바이 쫀득쿠키
버터바닐라 <b>두바이 쫀득쿠키</b> 쫀득볼 미니,https://smartstore.naver.com/main/products/12919066646,https://shopping-phinf.pstatic.net/main_9046357/90463577638.jpg,4500,,버터 바닐라,90463577638,2,,,식품,과자/베이커리,스낵,쿠키/비스킷,두바이 쫀득쿠키
"<b>두바이쫀득쿠키</b>볼 2세대 초코 볼 모찌 경기광주 크리스마스,연말 선물 성남 분당 용인",https://smartstore.naver.com/main/products/12641883819,https://shopping-phinf.pstatic.net/main_9018639/90186394724.1.jpg,5000,,너티라이스,90186394724,2,,,식품,과자/베이커리,스낵,쿠키/비스킷,두바이 쫀득쿠키
<b>두바이 쫀득 쿠키</b>,https://smartstore.naver.com/main/products/12869632439,https://shopping-phinf.pstatic.net/main_9041414/90414143431.jpg,23600,,공주보늬밤참,90414143431,2,,,식품,과자/베이커리,스낵,쿠키/비스킷,두바이 쫀득쿠키
[냥치케 여수] <b>두바이쫀득쿠키</b> 낱개 두쫀쿠 4구 답례품 디저트 전국택배,https://smartstore.naver.com/main/products/12930751715,https://shopping-phinf.pstatic.net/main_9047526/90475262707.jpg,26000,,냥치케 여수,90475262707,2,,,식품,과자/베이커리,스낵,쿠키/비스킷,두바이 쫀득쿠키
람미당 성남 수제 <b>두바이쫀득쿠키</b>,https://smartstore.naver.com/main/products/12809148546,https://shopping-phinf.pstatic.net/main_9035365/90353659495.jpg,5000,,람미당,90353659495,2,,,식품,과자/베이커리,스낵,쿠키/비스킷,두바이 쫀득쿠키
이웃집통통이 두바이쿠키 미니 피스타치오 초코 30g 30개 1박스 <b>두바이쫀득쿠키</b>,https://smartstore.naver.com/main/products/12639317436,https://shopping-phinf.pstatic.net/main_9018382/90183828342.3.jpg,35400,,CJ프레시웨이,90183828342,2,프레시웨이,,식품,과자/베이커리,스낵,쿠키/비스킷,두바이 쫀득쿠키
<b>두바이</b>스타일 카다이프 <b>쫀득</b>볼 100g 50gx2개입 1통,https://search.shopping.naver.com/catalog/58382487888,https://shopping-phinf.pstatic.net/main_5838248/58382487888.20260104185850.jpg,7750,,네이버,58382487888,1,,,식품,과자/베이커리,스낵,쿠키/비스킷,두바이 쫀득쿠키
<b>두바이</b> 피스타치오 카다이프 <b>쫀득 쿠키</b> 마시멜로우 대왕 카다이프 빅사이즈 수제<b>쿠키</b>,https://smartstore.naver.com/main/products/12773733944,https://shopping-phinf.pstatic.net/main_9031824/90318244893.1.jpg,6500,,아망마켓,90318244893,2,,,식품,과자/베이커리,스낵,쿠키/비스킷,두바이 쫀득쿠키
[모어잇] <b>두바이 쫀득</b>볼 2세대 <b>쫀득</b> 바삭 카다이프 예약 답례품,https://smartstore.naver.com/main/products/12731340362,https://shopping-phinf.pstatic.net/main_9027585/90275851303.jpg,6000,,모어잇 MORE EAT,90275851303,2,,,식품,과자/베이커리,스낵,쿠키/비스킷,두바이 쫀득쿠키
발로나초코와피스타치오로만든 카다이프 가득 수제 <b>두바이 쫀득쿠키</b> 말차 쫀득쿠키 롤 [공지사항참고],https://smartstore.naver.com/main/products/12233639097,https://shopping-phinf.pstatic.net/main_8977814/89778149814.1.jpg,6500,,달콤 정거장,89778149814,2,,,식품,과자/베이커리,스낵,쿠키/비스킷,두바이 쫀득쿠키
[대표] 거문도해풍쑥 두쫀쿠 쑥쫀쿠 <b>두바이</b> 쑥<b>쫀득쿠키</b>(2pcs),https://smartstore.naver.com/main/products/12874319427,https://shopping-phinf.pstatic.net/main_9041883/90418830419.jpg,11800,,방풍수제생초콜릿,90418830419,2,,,식품,과자/베이커리,스낵,쿠키/비스킷,두바이 쫀득쿠키
"[카카베이커리] <b>두바이 쫀득쿠키</b>, 동결건조딸기, 말차밤, 모찌볼 초코, 70g, 1개",https://smartstore.naver.com/main/products/12892440282,https://shopping-phinf.pstatic.net/main_9043695/90436951274.jpg,7500,,벨뜨리,90436951274,2,,,식품,과자/베이커리,스낵,쿠키/비스킷,두바이 쫀득쿠키
<b>두바이쫀득쿠키</b> 코코아맛,https://smartstore.naver.com/main/products/12172686056,https://shopping-phinf.pstatic.net/main_8971719/89717196761.jpg,22000,,베이커리쥬,89717196761,2,,,식품,과자/베이커리,스낵,쿠키/비스킷,두바이 쫀득쿠키
<b>두바이 쫀득쿠키</b> 2개입 쫀득볼 초콜릿 크리스마스 새해 선물,https://smartstore.naver.com/main/products/12859203201,https://shopping-phinf.pstatic.net/main_9040371/90403714193.jpg,11000,,원투고홈,90403714193,2,,,식품,과자/베이커리,스낵,쿠키/비스킷,두바이 쫀득쿠키
<b>두바이 쫀득쿠키</b> 2세대 마시멜로우 쫀득쿠키,https://smartstore.naver.com/main/products/12578951689,https://shopping-phinf.pstatic.net/main_9012346/90123462545.3.jpg,7200,,바이러브하니,90123462545,2,,,식품,과자/베이커리,스낵,쿠키/비스킷,두바이 쫀득쿠키
니르코브 니르코브 왕 <b>두바이 쫀득쿠키</b> 특상 수제 피스타치오 카다이프 2세대 쫀득쿠키,https://search.shopping.naver.com/catalog/58036558532,https://shopping-phinf.pstatic.net/main_5803655/58036558532.20251205221810.jpg,23100,,네이버,58036558532,1,,,식품,과자/베이커리,스낵,쿠키/비스킷,두바이 쫀득쿠키
<b>두바이쫀득쿠키</b> 쫀득볼 초콜릿 (1개입),https://smartstore.naver.com/main/products/12591031675,https://shopping-phinf.pstatic.net/main_9013554/90135542531.2.jpg,6900,,슈링스타샵,90135542531,2,,,식품,과자/베이커리,스낵,쿠키/비스킷,두바이 쫀득쿠키
오브세이 모찌 <b>쫀득쿠키</b> 2세대 <b>두바이</b> 피스타치오 파베 초콜릿,https://m.a-bly.com/goods/46493609?utm_source=web_naver-shopping&utm_medium=display&utm_campaign=web_naver-shopping&utm_content=46493609&coupon_sno=48569614,https://shopping-phinf.pstatic.net/main_5483009/54830091077.jpg,17300,,ABLY,54830091077,2,,,식품,과자/베이커리,스낵,쿠키/비스킷,두바이 쫀득쿠키
<b>두바이 쫀득쿠키</b> 카다이프 쫀득볼 스타일 피스타치오 스프레드 프리미엄 100g (2구),https://smartstore.naver.com/main/products/12925006361,https://shopping-phinf.pstatic.net/main_9046951/90469517353.jpg,6850,,믿고먹고,90469517353,2,,,식품,과자/베이커리,스낵,쿠키/비스킷,두바이 쫀득쿠키
"<b>두바이 쫀득쿠키</b> 💛 생딸기두바이 🍓 크리스마스선물, 정인당",https://www.idus.com/v2/recommend/product?product_uuid=23752e3f-dc0f-4346-83a2-140e14500e1a&is_product_info=true&utm_source=naver_shopping&utm_medium=pc&utm_campaign={ad_group}&utm_content={campaign},https://shopping-phinf.pstatic.net/main_5423689/54236893102.2.jpg,24500,,아이디어스idus,54236893102,2,,,식품,과자/베이커리,스낵,쿠키/비스킷,두바이 쫀득쿠키
수제<b>쿠키</b> 오리지널 르뱅 말차 <b>두바이</b> 답례품,https://smartstore.naver.com/main/products/12186631845,https://shopping-phinf.pstatic.net/main_8973114/89731142565.2.jpg,7000,,아토쿠키,89731142565,2,,,식품,과자/베이커리,스낵,쿠키/비스킷,두바이 쫀득쿠키
[로스티드캄] <b>두바이 쫀득쿠키</b> (4개입) 1월 19일 발송,https://smartstore.naver.com/main/products/12812910300,https://shopping-phinf.pstatic.net/main_9035742/90357421249.1.jpg,20800,,로스티드 캄,90357421249,2,,,식품,과자/베이커리,스낵,쿠키/비스킷,두바이 쫀득쿠키
"[스카우트 커피하우스] 사이즈업 ,<b>두바이 쫀득 쿠키</b>",https://smartstore.naver.com/main/products/12917685192,https://shopping-phinf.pstatic.net/main_9046219/90462196184.jpg,5800,,스카우트 커피하우스,90462196184,2,,,식품,과자/베이커리,스낵,쿠키/비스킷,두바이 쫀득쿠키
오슈네 쿠키가게 <b>두바이 쫀득쿠키</b>(80g) 단체주문 답례품,https://smartstore.naver.com/main/products/12679790838,https://shopping-phinf.pstatic.net/main_9022430/90224301762.jpg,7000,,오슈네 쿠키가게,90224301762,2,,,식품,과자/베이커리,스낵,쿠키/비스킷,두바이 쫀득쿠키
쫀득쿠키 만들기 diy 두쫀쿠 <b>두바이 쫀득 쿠키</b> 키트 누가크래커 설화병 오레오 마시멜로우,https://search.shopping.naver.com/catalog/58417737026,https://shopping-phinf.pstatic.net/main_5841773/58417737026.20260107163853.jpg,40890,,네이버,58417737026,1,,,식품,과자/베이커리,스낵,쿠키/비스킷,두바이 쫀득쿠키
몬트<b>쿠키</b> 수제 모찌<b>쿠키</b> 2세대 <b>두바이</b>초콜렛 <b>쫀득쿠키</b> <b>두바이</b> 초콜릿 결혼식 답례품 선물 추석 간식,https://search.shopping.naver.com/catalog/56863966578,https://shopping-phinf.pstatic.net/main_5686396/56863966578.20250922155052.jpg,27040,,네이버,56863966578,1,,,식품,과자/베이커리,스낵,쿠키/비스킷,두바이 쫀득쿠키
수제 <b>두바이쫀득쿠키</b> 13종 디저트 답례품 선물세트 카다이프 피스타치오,https://smartstore.naver.com/main/products/11756821869,https://shopping-phinf.pstatic.net/main_8930133/89301332456.3.jpg,8200,,언제나 여름 디저트,89301332456,2,,,식품,과자/베이커리,스낵,쿠키/비스킷,두바이 쫀득쿠키
<b>두바이쫀득쿠키</b> 6개 세트 개당62g 두바이쫀득볼 수제디저트 답례품 선물포장,https://smartstore.naver.com/main/products/12918312420,https://shopping-phinf.pstatic.net/main_9046282/90462823412.3.jpg,40000,,한입에디저트,90462823412,2,,,식품,과자/베이커리,스낵,쿠키/비스킷,두바이 쫀득쿠키
"<b>두바이쫀득쿠키</b> 두쫀쿠(50g내외, 4개 세트)",https://smartstore.naver.com/main/products/12922922083,https://shopping-phinf.pstatic.net/main_9046743/90467433075.jpg,23800,,올데이쿠키앤커피,90467433075,2,,,식품,과자/베이커리,스낵,쿠키/비스킷,두바이 쫀득쿠키
"[매장픽업] 카페,블룸 <b>두바이 쫀득쿠키</b>",https://smartstore.naver.com/main/products/12928052762,https://shopping-phinf.pstatic.net/main_9047256/90472563754.jpg,6300,,카페 블룸,90472563754,2,,,식품,과자/베이커리,스낵,쿠키/비스킷,두바이 쫀득쿠키
<b>두바이 쫀득 쿠키</b> 스타일 카다이프 쫀득볼 간식 100g,https://search.shopping.naver.com/catalog/58443485355,https://shopping-phinf.pstatic.net/main_5844348/58443485355.20260109184048.jpg,6220,,네이버,58443485355,1,,,식품,과자/베이커리,스낵,쿠키/비스킷,두바이 쫀득쿠키
케익하우스HARU <b>두바이쫀득쿠키</b>,https://smartstore.naver.com/main/products/12700753052,https://shopping-phinf.pstatic.net/main_9024526/90245263976.jpg,6800,,케익하우스HARU,90245263976,2,,,식품,과자/베이커리,스낵,쿠키/비스킷,두바이 쫀득쿠키
(1월 12일 월 발송) <b>두바이쫀득쿠키</b> 두쫀쿠(4개입),https://smartstore.naver.com/main/products/12926117886,https://shopping-phinf.pstatic.net/main_9047062/90470628878.jpg,23600,,굿데이프로젝트케이크,90470628878,2,,,식품,과자/베이커리,스낵,쿠키/비스킷,두바이 쫀득쿠키
<b>두바이쫀득쿠키</b> 두바이 초콜릿 마시멜로우 쫀득볼 모찌 초코 두쫀쿠 찐 카다이프 수제 피스타치오 페이스트 시골농부 쌀베이커리 택배 인천 강화 김포 청라 빵 카페 초콜렛,https://smartstore.naver.com/main/products/12747693724,https://shopping-phinf.pstatic.net/main_9029220/90292204665.1.jpg,7900,,쌀로만든 시골농부 베이커리,90292204665,2,,,식품,과자/베이커리,스낵,쿠키/비스킷,두바이 쫀득쿠키
<b>두바이쫀득쿠키</b> 75g 답례품 선물 카다이프 쫀득볼 쿠키답례품,https://smartstore.naver.com/main/products/12833666199,https://shopping-phinf.pstatic.net/main_9037817/90378177191.1.jpg,7100,,수제과점,90378177191,3,,,식품,과자/베이커리,스낵,쿠키/비스킷,두바이 쫀득쿠키
[팜스맘스베이킹] 5+1 2세대 <b>두바이 쫀득쿠키</b> [5통주문시1통],https://4910.kr/goods/47039484?utm_source=web_naver-shopping&utm_medium=display&utm_campaign=web_naver-shopping&utm_content=47039484,https://shopping-phinf.pstatic.net/main_5502692/55026924976.1.jpg,11800,,4910,55026924976,3,,,식품,과자/베이커리,스낵,쿠키/비스킷,두바이 쫀득쿠키
[니르코브] 니르코브 왕 <b>두바이 쫀득쿠키</b> 특상 수제 피스타치오 카다이프 2세대 쫀득쿠키,https://m.a-bly.com/goods/56985587?utm_source=web_naver-shopping&utm_medium=display&utm_campaign=web_naver-shopping&utm_content=56985587&coupon_sno=48569614,https://shopping-phinf.pstatic.net/main_5800492/58004920120.jpg,23100,,ABLY,58004920120,3,,,식품,과자/베이커리,스낵,쿠키/비스킷,두바이 쫀득쿠키
<b>두바이쫀득쿠키</b> 6개입(개당 65g이상) 수제 2세대 쫀득볼,https://smartstore.naver.com/main/products/12925291530,https://shopping-phinf.pstatic.net/main_9046980/90469802521.jpg,36000,,스윗 브리즈,90469802521,2,,,식품,과자/베이커리,스낵,쿠키/비스킷,두바이 쫀득쿠키
<b>두바이</b>스타일 카다이프 <b>쫀득</b>볼 50g 2개 100g <b>쿠키</b> 두쫀쿠 맛집 택배 답례 <b>쿠키</b>선물세트,https://smartstore.naver.com/main/products/12927057291,https://shopping-phinf.pstatic.net/main_9047156/90471568284.1.jpg,7900,,행복 행운 잡화점,90471568284,2,,초코텍,식품,과자/베이커리,스낵,쿠키/비스킷,두바이 쫀득쿠키
<b>두바이쫀득쿠키</b> 2세대 쫀득볼 모찌쿠키 초콜릿 디저트 선물 답례품,https://smartstore.naver.com/main/products/12881610224,https://shopping-phinf.pstatic.net/main_9042612/90426121216.1.jpg,25200,,커피사피엔스,90426121216,2,,,식품,과자/베이커리,스낵,쿠키/비스킷,두바이 쫀득쿠키
[팜스맘스베이킹] 5+1 2세대 <b>두바이 쫀득쿠키</b> [5통주문시1통],https://m.a-bly.com/goods/47039484?utm_source=web_naver-shopping&utm_medium=display&utm_campaign=web_naver-shopping&utm_content=47039484&coupon_sno=48569614,https://shopping-phinf.pstatic.net/main_5502690/55026903946.1.jpg,11800,,ABLY,55026903946,3,,,식품,과자/베이커리,스낵,쿠키/비스킷,두바이 쫀득쿠키
<b>두바이 쫀득</b>볼(50g)<b>쫀득쿠키</b> 외 5종 누가크런치 두쫀쿠,https://smartstore.naver.com/main/products/11703325969,https://shopping-phinf.pstatic.net/main_8924783/89247836436.3.jpg,5500,,무궁화제과점,89247836436,2,,,식품,과자/베이커리,스낵,쿠키/비스킷,두바이 쫀득쿠키
자르거스트 대용량 볶은 카다이프 면 4 5kg <b>두바이 쫀득 쿠키</b> 재료 쿠나페 카타이프,https://search.shopping.naver.com/catalog/58356096268,https://shopping-phinf.pstatic.net/main_5835609/58356096268.20260103153825.jpg,153300,,네이버,58356096268,1,,,식품,과자/베이커리,스낵,쿠키/비스킷,두바이 쫀득쿠키
저당 <b>두바이 쫀득쿠키</b>세트(4ea),https://smartstore.naver.com/main/products/12939442830,https://shopping-phinf.pstatic.net/main_9048395/90483953840.1.jpg,22000,,에그쉘.,90483953840,2,,,식품,과자/베이커리,스낵,쿠키/비스킷,두바이 쫀득쿠키
수제 쌀 <b>쿠키</b> 크림치즈 가나슈 <b>두바이</b> 초코<b>쿠키</b> <b>쫀득</b> 초콜릿 사무실 탕비실 행사 답례,https://smartstore.naver.com/main/products/11865211773,https://shopping-phinf.pstatic.net/main_8940972/89409722367.1.jpg,17500,,아담떡공방,89409722367,2,,,식품,과자/베이커리,스낵,쿠키/비스킷,두바이 쫀득쿠키
<b>두바이쫀득쿠키</b>/찹쌀떡,https://smartstore.naver.com/main/products/12898359043,https://shopping-phinf.pstatic.net/main_9044287/90442870035.jpg,5800,,그 쿠키,90442870035,2,,,식품,과자/베이커리,스낵,쿠키/비스킷,두바이 쫀득쿠키
정과담 <b>두바이쫀득쿠키</b>2세대 답례품모찌 간식 2개입,https://smartstore.naver.com/main/products/12686402906,https://shopping-phinf.pstatic.net/main_9023091/90230913830.jpg,11000,,정과담,90230913830,2,,,식품,과자/베이커리,스낵,쿠키/비스킷,두바이 쫀득쿠키
홍설 수제 <b>두바이</b> 초콜릿 <b>쫀득쿠키</b> <b>쫀득</b>볼,https://smartstore.naver.com/main/products/12696489793,https://shopping-phinf.pstatic.net/main_9024100/90241000717.jpg,11000,,홍설 떡공방,90241000717,2,,,식품,과자/베이커리,스낵,쿠키/비스킷,두바이 쫀득쿠키
"<b>두바이 쫀득쿠키</b>, 두쫀쿠, 두바이 초콜릿, 수제쿠키 르뱅쿠키 건강한 수제 디저트",https://smartstore.naver.com/main/products/10503764328,https://shopping-phinf.pstatic.net/main_8804826/88048269680.7.jpg,15200,,베르도레,88048269680,2,,,식품,과자/베이커리,스낵,쿠키/비스킷,두바이 쫀득쿠키
연남동 연트럴다방 흑임자<b>두바이쫀득쿠키</b>,https://smartstore.naver.com/main/products/12870528121,https://shopping-phinf.pstatic.net/main_9041503/90415039113.jpg,7500,,Mad Hippie,90415039113,2,,,식품,과자/베이커리,스낵,쿠키/비스킷,두바이 쫀득쿠키
해피버스데이 <b>두바이쫀득쿠키</b> 카다이프 피스타치오 가득 두쫀쿠 5개세트 오픈 이벤트,https://smartstore.naver.com/main/products/12925043328,https://shopping-phinf.pstatic.net/main_9046955/90469554320.jpg,22500,,해피버스데이케이크,90469554320,2,,,식품,과자/베이커리,스낵,쿠키/비스킷,두바이 쫀득쿠키
<b>두바이쫀득쿠키</b> 두바이쫀득볼 수능선물 간식선물 스티커제작,https://smartstore.naver.com/main/products/12570334907,https://shopping-phinf.pstatic.net/main_9011484/90114845760.3.jpg,6700,,히엘스위트,90114845760,2,,,식품,과자/베이커리,스낵,쿠키/비스킷,두바이 쫀득쿠키
<b>두바이</b> 딸기<b>쫀득쿠키</b> <b>두바이</b><b>쿠키</b> <b>쫀득쿠키</b> 생딸기,https://smartstore.naver.com/main/products/12875139798,https://shopping-phinf.pstatic.net/main_9041965/90419650790.jpg,29000,,미앤미힐링티,90419650790,2,,,식품,과자/베이커리,스낵,쿠키/비스킷,두바이 쫀득쿠키
"[카카베이커리] <b>두바이 쫀득쿠키</b>, 동결건조딸기, 말차밤, 모찌볼 딸기, 60g, 1개",https://smartstore.naver.com/main/products/12892440284,https://shopping-phinf.pstatic.net/main_9043695/90436951276.jpg,7500,,벨뜨리,90436951276,2,,,식품,과자/베이커리,스낵,쿠키/비스킷,두바이 쫀득쿠키
[관악] 대세 디저트 <b>두바이 쫀득쿠키</b> 만들기,https://www.sssd.co.kr/m/class/detail/54262?utm_source=naver_shop&utm_medium=cpc&utm_campaign=cooking&utm_content=54262,https://shopping-phinf.pstatic.net/main_5829288/58292888023.jpg,24900,,솜씨당,58292888023,2,솜씨당,,식품,과자/베이커리,스낵,쿠키/비스킷,두바이 쫀득쿠키
<b>두바이쫀득쿠키</b> 4구세트 수제피스타치오,https://smartstore.naver.com/main/products/12781006254,https://shopping-phinf.pstatic.net/main_9032551/90325517204.jpg,24000,,딜.라.잇,90325517204,2,,,식품,과자/베이커리,스낵,쿠키/비스킷,두바이 쫀득쿠키
<b>두바이 쫀득</b> 초코 모찌 60g 4개입 <b>쿠키</b> 찹쌀떡 초콜릿 카다이프 답례품,https://search.shopping.naver.com/catalog/58203578961,https://shopping-phinf.pstatic.net/main_5820357/58203578961.20251219210752.jpg,13800,,네이버,58203578961,1,,,식품,과자/베이커리,스낵,쿠키/비스킷,두바이 쫀득쿠키
<b>두바이</b> 초콜릿 <b>쫀득</b> 초코<b>쿠키</b> 모찌 찹쌀떡 4개입,https://smartstore.naver.com/main/products/12741918849,https://shopping-phinf.pstatic.net/main_9028642/90286429790.jpg,17150,,바로식탁,90286429790,2,,,식품,과자/베이커리,스낵,쿠키/비스킷,두바이 쫀득쿠키
몬트<b>쿠키</b> 수제 <b>두바이</b> 초콜릿 왕<b>쫀득쿠키</b> 2세대,https://smartstore.naver.com/main/products/12843349119,https://shopping-phinf.pstatic.net/main_9038786/90387860111.jpg,26800,,바로식탁,90387860111,2,,,식품,과자/베이커리,스낵,쿠키/비스킷,두바이 쫀득쿠키
2세대 <b>쫀득쿠키</b> <b>두바이 쫀득</b>볼,https://smartstore.naver.com/main/products/12812993868,https://shopping-phinf.pstatic.net/main_9035750/90357504817.jpg,6500,,단오 베이킹 디저트 마켓,90357504817,2,,,식품,과자/베이커리,스낵,쿠키/비스킷,두바이 쫀득쿠키
<b>두바이 쫀득</b>볼 50g 맛있는 <b>쫀득쿠키</b>,https://smartstore.naver.com/main/products/12858520163,https://shopping-phinf.pstatic.net/main_9040303/90403031155.3.jpg,4200,,NOKO,90403031155,3,,,식품,과자/베이커리,스낵,쿠키/비스킷,두바이 쫀득쿠키
"1월말부터 순차적출고/<b>두바이쫀득쿠키</b> 3p, 달콤쌀롱",https://www.idus.com/v2/recommend/product?product_uuid=86bd2351-fdab-4746-bc59-9d7a152b9d43&is_product_info=true&utm_source=naver_shopping&utm_medium=pc&utm_campaign={ad_group}&utm_content={campaign},https://shopping-phinf.pstatic.net/main_5823153/58231531534.jpg,23400,,아이디어스idus,58231531534,2,,,식품,과자/베이커리,스낵,쿠키/비스킷,두바이 쫀득쿠키
<b>두바이 쫀득쿠키</b> 모찌 쿠키 초콜릿 간식,https://search.shopping.naver.com/catalog/57742673949,https://shopping-phinf.pstatic.net/main_5774267/57742673949.20251112182653.jpg,22200,,네이버,57742673949,1,,,식품,과자/베이커리,스낵,쿠키/비스킷,두바이 쫀득쿠키
"코즈니♥️<b>두바이 쫀득쿠키</b> 3개 세트, 코즈니하우스 Cosney Haus",https://www.idus.com/v2/recommend/product?product_uuid=b2f3c51e-51cf-4f6a-a0db-6e8cd5649046&is_product_info=true&utm_source=naver_shopping&utm_medium=pc&utm_campaign={ad_group}&utm_content={campaign},https://shopping-phinf.pstatic.net/main_5825754/58257544608.jpg,23000,,아이디어스idus,58257544608,2,,,식품,과자/베이커리,스낵,쿠키/비스킷,두바이 쫀득쿠키
페니면 카다이프면 <b>두바이 쫀득쿠키</b> 재료,https://search.shopping.naver.com/catalog/58382488073,https://shopping-phinf.pstatic.net/main_5838248/58382488073.20260104185913.jpg,34010,,네이버,58382488073,1,,,식품,과자/베이커리,스낵,쿠키/비스킷,두바이 쫀득쿠키
<b>두바이쫀득쿠키</b> 두쫀쿠 르뱅쿠키 수제디저트 12종 100g 크리스마스선물 답례품 선물세트 쿠키납품,https://smartstore.naver.com/main/products/11901588871,https://shopping-phinf.pstatic.net/main_8944609/89446099480.jpg,21000,,듀크의 제과연구소,89446099480,2,,,식품,과자/베이커리,스낵,쿠키/비스킷,두바이 쫀득쿠키
구운 카다이프면 <b>두바이 쫀득쿠키</b> 재료,https://search.shopping.naver.com/catalog/58343699574,https://shopping-phinf.pstatic.net/main_5834369/58343699574.20251231182809.jpg,44010,,네이버,58343699574,1,,,식품,과자/베이커리,스낵,쿠키/비스킷,두바이 쫀득쿠키
[인생과자점] BIG SIZE <b>두바이 초콜릿</b> 피스타치오 카다이프 수제 초콜렛,https://smartstore.naver.com/main/products/10450599141,https://shopping-phinf.pstatic.net/main_8799510/87995104318.3.jpg,22900,,라이프베이커리,87995104318,2,,,식품,과자/베이커리,초콜릿,,두바이 초콜릿
리리컬 BIG SIZE <b>두바이 초콜릿</b> 카다이프 수제 200g,https://smartstore.naver.com/main/products/10490843416,https://shopping-phinf.pstatic.net/main_8803534/88035348717.3.jpg,27000,,리리컬 LYRICAL,88035348717,2,,,식품,과자/베이커리,초콜릿,,두바이 초콜릿
오브세이 <b>두바이초콜릿</b> 피스타치오 카다이프 수제초콜렛 수능 응원 선물,https://smartstore.naver.com/main/products/10374372853,https://shopping-phinf.pstatic.net/main_8791887/87918877544.8.jpg,20900,,ORBSEI,87918877544,2,오브세이,,식품,과자/베이커리,초콜릿,,두바이 초콜릿
Fix <b>두바이 초콜릿</b> 원조 픽스 <b>두바이 초콜릿</b> 피스타치오 <b>Dubai chocolate</b>,https://smartstore.naver.com/main/products/11453754911,https://shopping-phinf.pstatic.net/main_8899826/88998265276.4.jpg,51500,,다이떠마켓,88998265276,2,픽스,픽스,식품,과자/베이커리,초콜릿,,두바이 초콜릿
두바이 픽스초콜릿 피스타치오 100% 리얼 <b>Dubai Chocolate</b>,https://smartstore.naver.com/main/products/10390201508,https://shopping-phinf.pstatic.net/main_8793470/87934706367.3.jpg,51500,,다인니 만물상,87934706367,2,,픽스,식품,과자/베이커리,초콜릿,,두바이 초콜릿
라프레슈 <b>두바이 초콜릿</b> 다크 피스타치오 카다이프 선물 디저트,https://smartstore.naver.com/main/products/10448388615,https://shopping-phinf.pstatic.net/main_8799289/87992893774.2.jpg,16900,,라프레슈,87992893774,2,,,식품,과자/베이커리,초콜릿,,두바이 초콜릿
"피스타치오 카다이프 스프레드 <b>두바이</b>쫀득쿠키 초콜렛 재료 오리지널(1/26 순차발송), 200g, 1개",https://smartstore.naver.com/main/products/12910106724,https://shopping-phinf.pstatic.net/main_9045461/90454617716.jpg,25800,,타틀르,90454617716,2,,,식품,과자/베이커리,초콜릿,,두바이 초콜릿
"피스타치오 카다이프 스프레드 <b>두바이</b>쫀득쿠키 초콜렛 재료 리얼 63퍼센트(1/26 순차발송), 200g, 1개",https://smartstore.naver.com/main/products/12910108508,https://shopping-phinf.pstatic.net/main_9045461/90454619500.jpg,36800,,타틀르,90454619500,2,,,식품,과자/베이커리,초콜릿,,두바이 초콜릿
누스포 <b>두바이 초콜릿</b> 스프레드 피스타치오 크림 NUSSPO 코스트코 1kg,https://smartstore.naver.com/main/products/12612799780,https://shopping-phinf.pstatic.net/main_9015731/90157310636.jpg,75900,,블루스타2018,90157310636,2,,,식품,과자/베이커리,초콜릿,,두바이 초콜릿
시크릿 라부부 <b>두바이 초콜릿</b> 랜덤 두바이초콜렛 피스타치오,https://smartstore.naver.com/main/products/12733452500,https://shopping-phinf.pstatic.net/main_9027796/90277963441.1.jpg,19600,,영오이칠 프리미엄수제초콜렛,90277963441,2,,,식품,과자/베이커리,초콜릿,,두바이 초콜릿
[퀑카네] 콰삭 <b>두바이초콜릿</b>-네모의 꿈 다크 일반 발렌타인 설날 선물세트,https://smartstore.naver.com/main/products/10422092456,https://shopping-phinf.pstatic.net/main_8796659/87966597442.10.jpg,25500,,퀑카네 초콜릿,87966597442,2,,,식품,과자/베이커리,초콜릿,,두바이 초콜릿
"규린이네 수제 <b>두바이 초콜릿</b> 다크초코 피스타치오, 300g, 1개",https://search.shopping.naver.com/catalog/56387419638,https://shopping-phinf.pstatic.net/main_5638741/56387419638.20250822154757.jpg,30900,,네이버,56387419638,1,,,식품,과자/베이커리,초콜릿,,두바이 초콜릿
(최대 3월13일 출고)<b>두바이</b> 쫀득쿠키를 사랑해주셔서 감사해요,https://smartstore.naver.com/main/products/12562136705,https://shopping-phinf.pstatic.net/main_9010664/90106647558.jpg,11300,,스쿱당,90106647558,2,,,식품,과자/베이커리,초콜릿,,두바이 초콜릿
<b>두바이 초콜릿</b> 만들기 세트 재료 코팅 커버춰 퓨라토스 다크 200g,https://smartstore.naver.com/main/products/4101051088,https://shopping-phinf.pstatic.net/main_8164557/81645571937.3.jpg,3500,,빈스메이드,81645571937,2,칼리바우트,바리칼리바우트,식품,과자/베이커리,초콜릿,,두바이 초콜릿
<b>두바이</b> 쫀득쿠키 피스타치오 마시멜로 전자렌지 10~15초이상 [다인스그랜파],https://smartstore.naver.com/main/products/12698526213,https://shopping-phinf.pstatic.net/main_9024303/90243037137.jpg,5900,,골든업스,90243037137,2,,,식품,과자/베이커리,초콜릿,,두바이 초콜릿
"트리투바 수제 <b>두바이 초콜릿</b> 피스타치오, 70g, 1개",https://search.shopping.naver.com/catalog/56387406284,https://shopping-phinf.pstatic.net/main_5638740/56387406284.20250822153817.jpg,14400,,네이버,56387406284,1,트리투바,트리투바,식품,과자/베이커리,초콜릿,,두바이 초콜릿
팍팜 <b>두바이 초콜릿</b> 만들기 수제 카다이프 재료 세트 피스타치오 스프레드,https://smartstore.naver.com/main/products/10521408670,https://shopping-phinf.pstatic.net/main_8806591/88065914030.9.jpg,59900,,팍팜,88065914030,2,팍팜,팍팜,식품,과자/베이커리,초콜릿,,두바이 초콜릿
"리리컬 수제 <b>두바이 초콜릿</b> 피스타치오, 85g, 1개",https://search.shopping.naver.com/catalog/56387040229,https://shopping-phinf.pstatic.net/main_5638704/56387040229.20250822152127.jpg,14900,,네이버,56387040229,1,,,식품,과자/베이커리,초콜릿,,두바이 초콜릿
수원<b>두바이</b>쫀득쿠키 2세대 <b>두바이</b>쫀득볼 수제 6개세트 50g 주문후제작 전국택배,https://smartstore.naver.com/main/products/12891362568,https://shopping-phinf.pstatic.net/main_9043587/90435873560.jpg,32000,,아르떼케이크,90435873560,2,,,식품,과자/베이커리,초콜릿,,두바이 초콜릿
카다이프 지미 <b>두바이초콜릿</b>만들기 재료 면 2개,https://www.11st.co.kr/connect/Gateway.tmall?method=Xsite&prdNo=8088435157&tid=1000000061,https://shopping-phinf.pstatic.net/main_5693808/56938086239.1.jpg,33810,,11번가,56938086239,2,UNKNOWN,,식품,과자/베이커리,초콜릿,,두바이 초콜릿
Fix 두바이 픽스 초콜릿 <b>dubai chocolate</b> 원조 피스타치오,https://smartstore.naver.com/main/products/12417805407,https://shopping-phinf.pstatic.net/main_8996231/89962316132.jpg,51500,,야사라마켓,89962316132,2,픽스,,식품,과자/베이커리,초콜릿,,두바이 초콜릿
코스트코 <b>두바이초콜릿</b> 피스타치오 카다이프 초콜렛  1개  500g,https://link.coupang.com/re/PCSNAVERPCSDP?pageKey=9072331997&ctag=9072331997&lptag=I26644802023&itemId=26644802023&vendorItemId=93617429020&spec=10305199,https://shopping-phinf.pstatic.net/main_5683348/56833489983.1.jpg,55000,,쿠팡,56833489983,2,,GENERIC,식품,과자/베이커리,초콜릿,,두바이 초콜릿
발렌타인데이 선물 코스트코 대추야자 <b>두바이 초콜릿</b> 아몬드,https://smartstore.naver.com/main/products/12760023026,https://shopping-phinf.pstatic.net/main_9030453/90304533975.jpg,20900,,lifenews,90304533975,2,히즈마인드,,식품,과자/베이커리,초콜릿,,두바이 초콜릿
<b>두바이</b> 김밥 쫀득쿠키 모찌 선물,https://smartstore.naver.com/main/products/12834004995,https://shopping-phinf.pstatic.net/main_9037851/90378515987.jpg,34000,,퀑카네 초콜릿,90378515987,2,,,식품,과자/베이커리,초콜릿,,두바이 초콜릿
"정안 CACAOHOLA <b>두바이</b> 필링 <b>초콜릿</b> 피스타치오, 110g, 1개",https://search.shopping.naver.com/catalog/56387397194,https://shopping-phinf.pstatic.net/main_5638739/56387397194.20250822153158.jpg,19500,,네이버,56387397194,1,CACAOHOLA,정안,식품,과자/베이커리,초콜릿,,두바이 초콜릿
피스타치오 스프레드 카다이프 믹스 떠먹는 <b>두바이 초콜릿</b>,https://smartstore.naver.com/main/products/10834513447,https://shopping-phinf.pstatic.net/main_8837901/88379019460.4.jpg,21500,,자꾸 베이커리,88379019460,2,,,식품,과자/베이커리,초콜릿,,두바이 초콜릿
<b>두바이</b> 픽스 <b>초콜릿</b> 오리지널 <b>Dubai</b> fix <b>chocolate</b>  카라멜 치즈 쿠키  2개,https://link.coupang.com/re/PCSNAVERPCSDP?pageKey=9285325376&ctag=9285325376&lptag=I26983184501&itemId=26983184501&vendorItemId=94254378259&spec=10305199,https://shopping-phinf.pstatic.net/main_5757585/57575858569.jpg,121100,,쿠팡,57575858569,2,픽스,,식품,과자/베이커리,초콜릿,,두바이 초콜릿
"린트 <b>두바이</b> 스타일 피스타치오 <b>초콜릿</b>바 150g, 1개",https://search.shopping.naver.com/catalog/58164186323,https://shopping-phinf.pstatic.net/main_5816418/58164186323.20251216194649.jpg,19480,,네이버,58164186323,1,린트,,식품,과자/베이커리,초콜릿,,두바이 초콜릿
두바이 픽스 초콜릿 원조 Fix <b>두바이 초콜릿</b> 피스타치오 카다이프,https://smartstore.naver.com/main/products/12272831404,https://shopping-phinf.pstatic.net/main_8981734/89817342120.1.jpg,51500,,다이떠마켓,89817342120,2,픽스,픽스,식품,과자/베이커리,초콜릿,,두바이 초콜릿
원조 <b>두바이 초콜릿</b> 프리미엄 수제 초콜렛 블린더 쿠나파 피스타치오 라이트 90g,https://smartstore.naver.com/main/products/11601095391,https://shopping-phinf.pstatic.net/main_8914560/89145605797.jpg,23000,,웰메이드코리아,89145605797,2,,,식품,과자/베이커리,초콜릿,,두바이 초콜릿
리리컬 BIG SIZE <b>두바이 초콜릿</b>  1개  220g,https://link.coupang.com/re/PCSNAVERPCSDP?pageKey=8367034324&ctag=8367034324&lptag=I24175542907&itemId=24175542907&vendorItemId=91193524734&spec=10305199,https://shopping-phinf.pstatic.net/main_5054290/50542904782.2.jpg,27000,,쿠팡,50542904782,2,,,식품,과자/베이커리,초콜릿,,두바이 초콜릿
공스킨 <b>두바이</b> 땅콩<b>초콜릿</b>,https://smartstore.naver.com/main/products/12850225853,https://shopping-phinf.pstatic.net/main_9039473/90394736845.jpg,990,,365플러스 쇼핑,90394736845,2,공스킨,,식품,과자/베이커리,초콜릿,,두바이 초콜릿
기라델리 <b>두바이</b> 스타일 피스타치오 밀크 <b>초콜릿</b> 118g,https://link.coupang.com/re/PCSNAVERPCSDP?pageKey=9201622341&ctag=9201622341&lptag=I27345376734&itemId=27345376734&vendorItemId=94311616913&spec=10305199,https://shopping-phinf.pstatic.net/main_5819811/58198117774.jpg,55500,,쿠팡,58198117774,2,기라델리,기라델리,식품,과자/베이커리,초콜릿,,두바이 초콜릿
정식수입 블린더 <b>두바이 초콜릿</b> 240g 6종 골라담기 (소비기한 26/01/25까지),https://www.hmall.com/md/pda/itemPtc?ReferCode=429&slitmCd=2243055803&utm_source=naver&utm_medium=cps_pcs&utm_campaign=sale,https://shopping-phinf.pstatic.net/main_5772337/57723372682.jpg,27210,,현대Hmall,57723372682,2,,,식품,과자/베이커리,초콜릿,,두바이 초콜릿
"기라델리 <b>두바이</b> 스타일 밀크 <b>초콜릿</b> 115g, 1개",https://search.shopping.naver.com/catalog/58446032032,https://shopping-phinf.pstatic.net/main_5844603/58446032032.20260110001722.jpg,32000,,네이버,58446032032,1,,기라델리,식품,과자/베이커리,초콜릿,,두바이 초콜릿
튀르키예 카다이프 면 500g <b>두바이 초콜릿</b> 만들기 재료 건면 스프레드 지미 필로 zimi filo,https://smartstore.naver.com/main/products/12900500914,https://shopping-phinf.pstatic.net/main_9044501/90445011907.jpg,25100,,강선상사,90445011907,2,,,식품,과자/베이커리,초콜릿,,두바이 초콜릿
커버럭스 코팅초콜릿 1kg 다크 컴파운드 퓨라토스 <b>두바이초콜릿</b> 만들기,https://smartstore.naver.com/main/products/6721278930,https://shopping-phinf.pstatic.net/main_8426577/84265779252.5.jpg,10900,,베이킹조이,84265779252,2,,,식품,과자/베이커리,초콜릿,,두바이 초콜릿
팍팜 <b>두바이 초콜릿</b> 만들기 당일 출고 수제 카다이프 재료 세트 키트,https://link.gmarket.co.kr/gate/pcs?item-no=3898987012&sub-id=1003&service-code=10000003&lcd=100000036,https://shopping-phinf.pstatic.net/main_4848606/48486060320.6.jpg,48640,,G마켓,48486060320,2,,,식품,과자/베이커리,초콜릿,,두바이 초콜릿
[정식수입] 블린더 <b>두바이 초콜릿</b> 피스타치오 카다이프 240g (소비기한 26/01/25까지),https://smartstore.naver.com/main/products/11037510799,https://shopping-phinf.pstatic.net/main_8858201/88582017006.3.jpg,36900,,남도사랑,88582017006,2,,,식품,과자/베이커리,초콜릿,,두바이 초콜릿
Fix <b>Dubai Chocolate</b> 두바이 픽스 오리지널 초콜릿 피스타치오,https://smartstore.naver.com/main/products/10719129318,https://shopping-phinf.pstatic.net/main_8826363/88263635240.jpg,51400,,대박 백화점 구매대행,88263635240,2,,,식품,과자/베이커리,초콜릿,,두바이 초콜릿
단품 수제 <b>초콜릿</b> 봉봉 스틱 <b>초콜릿</b> <b>두바이</b> 피스타치오,https://smartstore.naver.com/main/products/10404595610,https://shopping-phinf.pstatic.net/main_8794910/87949100503.6.jpg,3500,,최콜릿,87949100503,2,,,식품,과자/베이커리,초콜릿,,두바이 초콜릿
굿셀링파트너 카다이프면 <b>두바이초콜릿</b> 재료만들기 두바이,https://link.auction.co.kr/gate/pcs?item-no=E729499274&sub-id=1&service-code=10000003,https://shopping-phinf.pstatic.net/main_5029133/50291333177.jpg,48330,,옥션,50291333177,2,,,식품,과자/베이커리,초콜릿,,두바이 초콜릿
대추야자 <b>초콜릿</b> 아라비안 딜라이트 코스트코 대추 아몬드 <b>초콜릿</b> <b>두바이</b> 500g,https://smartstore.naver.com/main/products/11799399958,https://shopping-phinf.pstatic.net/main_8934391/89343910545.jpg,12990,,치즈베이글마켓,89343910545,2,,,식품,과자/베이커리,초콜릿,,두바이 초콜릿
<b>두바이초콜릿</b> 피스타치오 카다이프 수제초콜렛,https://smartstore.naver.com/main/products/10418728222,https://shopping-phinf.pstatic.net/main_8796323/87963233208.2.jpg,16900,,슈링스타샵,87963233208,2,,,식품,과자/베이커리,초콜릿,,두바이 초콜릿
(매주 금요일 출고)바삭 피스타치오 카다이프 <b>두바이 초콜릿</b>을 사랑해주셔서 감사해요,https://smartstore.naver.com/main/products/10452955371,https://shopping-phinf.pstatic.net/main_8799746/87997460548.11.jpg,32000,,스쿱당,87997460548,2,,,식품,과자/베이커리,초콜릿,,두바이 초콜릿
서울디저트 진짜맛있는 카다이프 <b>두바이 초콜릿</b> 피스타치오 초콜렛,https://smartstore.naver.com/main/products/10861455428,https://shopping-phinf.pstatic.net/main_8840596/88405961441.jpg,13900,,서울디저트,88405961441,2,,,식품,과자/베이커리,초콜릿,,두바이 초콜릿
<b>두바이초콜릿</b> 카다이프 피스타치오 초코,https://smartstore.naver.com/main/products/10602459931,https://shopping-phinf.pstatic.net/main_8814696/88146965521.1.jpg,11400,,몰레디저트카페,88146965521,2,,,식품,과자/베이커리,초콜릿,,두바이 초콜릿
노션 초코데이트 초콜렛데이츠 3종 타무르 대추야자 <b>두바이</b>초콜렛 아몬드초코볼,https://smartstore.naver.com/main/products/11668587030,https://shopping-phinf.pstatic.net/main_8921309/89213097497.jpg,5900,,타무르,89213097497,2,,,식품,과자/베이커리,초콜릿,,두바이 초콜릿
린트 <b>두바이 초콜릿</b> 다크 화이트 밀크 <b>두바이 초콜릿</b>바 독일 린트 공장직배송,https://smartstore.naver.com/main/products/12480442316,https://shopping-phinf.pstatic.net/main_9002495/90024953141.1.jpg,23680,,토비박스,90024953141,2,린트,,식품,과자/베이커리,초콜릿,,두바이 초콜릿
"저당 <b>두바이 초콜릿</b> 피스타치오 제로슈가 다크, 132g, 1개",https://smartstore.naver.com/main/products/11267975826,https://shopping-phinf.pstatic.net/main_8881248/88812486157.2.jpg,22800,,파베글라스,88812486157,2,파베글라스,PAVE GLACE COMPANY LIMITED,식품,과자/베이커리,초콜릿,,두바이 초콜릿
고디바 <b>두바이 초콜릿</b> 피스타치오 카다이프 GODIVA <b>DUBAI CHOCOLATE</b> 122g,https://smartstore.naver.com/main/products/12409858436,https://shopping-phinf.pstatic.net/main_8995436/89954369161.jpg,33000,,홍콩페스티발,89954369161,2,고디바,,식품,과자/베이커리,초콜릿,,두바이 초콜릿
두꺼운 <b>두바이</b> 초콜렛 diy 키트 박스 재료 세트 스프레드,https://smartstore.naver.com/main/products/11388000440,https://shopping-phinf.pstatic.net/main_8893251/88932510805.jpg,24300,,탈곡기,88932510805,2,,,식품,과자/베이커리,초콜릿,,두바이 초콜릿
공스킨 <b>두바이</b> 아몬드<b>초콜릿</b>,https://smartstore.naver.com/main/products/12850200650,https://shopping-phinf.pstatic.net/main_9039471/90394711642.jpg,990,,365플러스 쇼핑,90394711642,2,공스킨,,식품,과자/베이커리,초콜릿,,두바이 초콜릿
쫀득쿠키 <b>두바이 초콜릿</b> 발렌타인데이 설날 선물세트 사탕 크래커,https://smartstore.naver.com/main/products/10781515673,https://shopping-phinf.pstatic.net/main_8832602/88326021663.9.jpg,38000,,퀑카네 초콜릿,88326021663,2,,,식품,과자/베이커리,초콜릿,,두바이 초콜릿
떠먹는 <b>두바이 초콜릿</b> 바삭 피스타치오 수제초콜렛,https://smartstore.naver.com/main/products/10357297768,https://shopping-phinf.pstatic.net/main_8790180/87901802345.4.jpg,28000,,영오이칠 프리미엄수제초콜렛,87901802345,2,,,식품,과자/베이커리,초콜릿,,두바이 초콜릿
<b>두바이초콜릿</b> 카다이프 면 튀르키예 터키 정식수입,https://link.auction.co.kr/gate/pcs?item-no=E846165483&sub-id=1&service-code=10000003,https://shopping-phinf.pstatic.net/main_5423064/54230643681.5.jpg,36380,,옥션,54230643681,2,,,식품,과자/베이커리,초콜릿,,두바이 초콜릿
"발로나 코코아파우더 200g/무가당 카카오파우더 수제<b>초콜릿</b> 핫초코 무설탕 초코파우더,<b>두바이</b>쫀득쿠키,두쫀쿠",https://smartstore.naver.com/main/products/5083374965,https://shopping-phinf.pstatic.net/main_8262789/82627896663.1.jpg,13900,,스윗프라이스,82627896663,2,발로나,,식품,과자/베이커리,초콜릿,,두바이 초콜릿
[백화점 입점 화이트데이] 피스마니에 &amp; <b>두바이</b> 카이막 <b>초콜릿</b> 택배,https://smartstore.naver.com/main/products/11315670760,https://shopping-phinf.pstatic.net/main_8886018/88860181091.3.jpg,15500,,마망카페,88860181091,2,,,식품,과자/베이커리,초콜릿,,두바이 초콜릿
"블린더 <b>두바이 초콜릿</b> 라이트 90g, 1개",https://search.shopping.naver.com/catalog/57917020713,https://shopping-phinf.pstatic.net/main_5791702/57917020713.20251126092901.jpg,17570,,네이버,57917020713,1,,,식품,과자/베이커리,초콜릿,,두바이 초콜릿
<b>두바이 초콜릿</b> 포장패키지 카다이프 피스타치오 스프레드 토핑,https://smartstore.naver.com/main/products/10467910705,https://shopping-phinf.pstatic.net/main_8801241/88012415913.2.jpg,13900,,뽀리수제쿠키,88012415913,2,,,식품,과자/베이커리,초콜릿,,두바이 초콜릿
튀르키예 카다이프 면 500g <b>두바이 초콜릿</b> 만들기 재료 지미 필로 zimi filo,https://www.lotteon.com/p/product/LO2601336812?sitmNo=LO2601336812_2601336813&ch_no=100065&ch_dtl_no=1000030&entryPoint=pcs&dp_infw_cd=CHT,https://shopping-phinf.pstatic.net/main_5841310/58413108317.jpg,37160,,롯데ON,58413108317,2,,UNKNOWN,식품,과자/베이커리,초콜릿,,두바이 초콜릿
"<b>두바이초콜릿</b> 피스타치오 카다이프 수제 초콜렛 다크, 145g, 2개",https://smartstore.naver.com/main/products/11919121674,https://shopping-phinf.pstatic.net/main_8946363/89463632362.jpg,32100,,수제 꿈꾸는솜사탕,89463632362,2,,,식품,과자/베이커리,초콜릿,,두바이 초콜릿
KADAYIF 500g 터키 <b>두바이 초콜릿</b> 페이스트리 새우 식품 재료,https://smartstore.naver.com/main/products/11184103686,https://shopping-phinf.pstatic.net/main_8872861/88728614008.jpg,28210,,퐁퐁공장,88728614008,2,,,식품,과자/베이커리,초콜릿,,두바이 초콜릿
"<b>두바이초콜릿</b> 피스타치오 카다이프 바삭한 100g, 1개",https://search.shopping.naver.com/catalog/58343260913,https://shopping-phinf.pstatic.net/main_5834326/58343260913.20251231173725.jpg,9990,,네이버,58343260913,1,,,식품,과자/베이커리,초콜릿,,두바이 초콜릿
[퀑카네] 대왕 <b>두바이초콜릿</b> 다크 일반 저당 트리 발렌타인 설날 선물세트,https://smartstore.naver.com/main/products/10739681113,https://shopping-phinf.pstatic.net/main_8828418/88284187035.2.jpg,23900,,퀑카네 초콜릿,88284187035,2,,,식품,과자/베이커리,초콜릿,,두바이 초콜릿
"칼리바우트 W2 화이트 커버춰 <b>초콜릿</b> (28%) / <b>두바이</b>쫀득쿠키 재료 200g, 1개",https://smartstore.naver.com/main/products/12643924030,https://shopping-phinf.pstatic.net/main_9018843/90188434936.jpg,8500,,핑크MOON샵,90188434936,2,,,식품,과자/베이커리,초콜릿,,두바이 초콜릿
[단품]<b>두바이 초콜릿</b> 발로나 프리미엄 수제 초콜릿 다크 밀크 블론드 화이트,https://smartstore.naver.com/main/products/10525061948,https://shopping-phinf.pstatic.net/main_8806956/88069567308.8.jpg,8000,,아르메리아 쇼콜라,88069567308,2,,,식품,과자/베이커리,초콜릿,,두바이 초콜릿
수제 <b>두바이초콜릿</b> 피스타치오 카다이프 선물 세트 다크 초콜릿 300g,https://smartstore.naver.com/main/products/10501233787,https://shopping-phinf.pstatic.net/main_8804573/88045739139.15.jpg,30900,,규린이네수제과일청,88045739139,3,,,식품,과자/베이커리,초콜릿,,두바이 초콜릿
트리투바 수제 <b>두바이초콜릿</b> / 밀크 고급 초콜릿,https://smartstore.naver.com/main/products/10452916011,https://shopping-phinf.pstatic.net/main_8799742/87997421188.11.jpg,14400,,트리투바,87997421188,3,트리투바,트리투바,식품,과자/베이커리,초콜릿,,두바이 초콜릿
카카올라 <b>두바이초콜릿</b> 피스타치오 수제 필링 디저트 감성 선물용,https://smartstore.naver.com/main/products/11057345754,https://shopping-phinf.pstatic.net/main_8860185/88601851965.3.jpg,19500,,카카올라,88601851965,3,CACAOHOLA,정안,식품,과자/베이커리,초콜릿,,두바이 초콜릿
"<b>두바이 초콜릿</b> 카다이프 피스타치오 다크, 132g, 1개",https://smartstore.naver.com/main/products/10878855654,https://shopping-phinf.pstatic.net/main_8842336/88423361667.3.jpg,15800,,파베글라스,88423361667,2,파베글라스,PAVE GLACE COMPANY LIMITED,식품,과자/베이커리,초콜릿,,두바이 초콜릿
리리컬 mini <b>두바이초콜릿</b> 피스타치오 카다이프 다크 수제초콜릿,https://smartstore.naver.com/main/products/10961608007,https://shopping-phinf.pstatic.net/main_8850611/88506114050.2.jpg,14900,,리리컬 LYRICAL,88506114050,3,,,식품,과자/베이커리,초콜릿,,두바이 초콜릿
튀르키예 카다이프 면 500g <b>두바이 초콜릿</b> 만들기 재료 지미 필로 zimi filo,https://link.gmarket.co.kr/gate/pcs?item-no=4619266044&sub-id=1003&service-code=10000003&lcd=100000036,https://shopping-phinf.pstatic.net/main_5812378/58123786031.jpg,29620,,G마켓,58123786031,3,,,식품,과자/베이커리,초콜릿,,두바이 초콜릿
구매 재구매 당충전 피스타치오 <b>두바이 초콜릿</b>,https://m.a-bly.com/goods/19905261?utm_source=web_naver-shopping&utm_medium=display&utm_campaign=web_naver-shopping&utm_content=19905261&coupon_sno=48569614,https://shopping-phinf.pstatic.net/main_4988525/49885256776.4.jpg,20900,,ABLY,49885256776,2,,,식품,과자/베이커리,초콜릿,,두바이 초콜릿
하트 <b>두바이초콜릿</b> 피스타치오 카다이프 수제초콜렛,https://smartstore.naver.com/main/products/10875699487,https://shopping-phinf.pstatic.net/main_8842020/88420205500.jpg,27000,,영오이칠 프리미엄수제초콜렛,88420205500,2,,,식품,과자/베이커리,초콜릿,,두바이 초콜릿
트리투바 두바이세트 / 두바이쫀득쿠키 <b>두바이초콜릿</b> / 셰프의디저트 두바이쫀득볼 두쫀쿠 두쫀볼 <b>두바이초콜릿</b>,https://smartstore.naver.com/main/products/12935502215,https://shopping-phinf.pstatic.net/main_9048001/90480013225.2.jpg,45600,,트리투바,90480013225,2,트리투바,트리투바,식품,과자/베이커리,초콜릿,,두바이 초콜릿
"<b>두바이초콜릿</b>/ 팝시클쵸코렛/피스타치오, 비스코티하우스",https://www.idus.com/v2/recommend/product?product_uuid=25e875dd-8735-4af6-9066-218fb5210fcd&is_product_info=true&utm_source=naver_shopping&utm_medium=pc&utm_campaign={ad_group}&utm_content={campaign},https://shopping-phinf.pstatic.net/main_4851110/48511108441.2.jpg,26000,,아이디어스idus,48511108441,2,,,식품,과자/베이커리,초콜릿,,두바이 초콜릿
구매 재구매 당충전 피스타치오 <b>두바이 초콜릿</b>,https://4910.kr/goods/19905261?utm_source=web_naver-shopping&utm_medium=display&utm_campaign=web_naver-shopping&utm_content=19905261,https://shopping-phinf.pstatic.net/main_5737110/57371106619.jpg,20900,,4910,57371106619,2,,,식품,과자/베이커리,초콜릿,,두바이 초콜릿
공스킨 <b>두바이</b> 땅콩 <b>초콜릿</b> 피스타치오 20g 10개,https://smartstore.naver.com/main/products/12752258255,https://shopping-phinf.pstatic.net/main_9029676/90296769204.jpg,11500,,엔제이 스토어,90296769204,2,공스킨,,식품,과자/베이커리,초콜릿,,두바이 초콜릿
카다이프 수제 <b>두바이</b> 하트 <b>초콜릿</b> 답례품 포장 가능,https://smartstore.naver.com/main/products/10582658138,https://shopping-phinf.pstatic.net/main_8812716/88127163728.5.jpg,13000,,멜팅하트 초콜릿,88127163728,2,,,식품,과자/베이커리,초콜릿,,두바이 초콜릿
제이슈가레브 수제 카다이프 <b>두바이초콜릿</b> 마카롱,https://link.coupang.com/re/PCSNAVERPCSDP?pageKey=2682468916&ctag=2682468916&lptag=l506433547322&itemId=33247563504&vendorItemId=90761154016&spec=10305199,https://shopping-phinf.pstatic.net/main_5664647/56646474498.jpg,4000,,쿠팡,56646474498,2,,,식품,과자/베이커리,초콜릿,,두바이 초콜릿
<b>두바이 초콜릿</b> 카다이프 피스타치오 수제초콜릿 아몬드,https://smartstore.naver.com/main/products/10405488226,https://shopping-phinf.pstatic.net/main_8794999/87949993119.1.jpg,11900,,골든업스,87949993119,2,,,식품,과자/베이커리,초콜릿,,두바이 초콜릿
이스탄불 <b>두바이 초콜릿</b> 카타이프 면 170g 두쫀쿠 재료 쿠나파이 kadaif,https://www.11st.co.kr/connect/Gateway.tmall?method=Xsite&prdNo=8977953647&tid=1000000061,https://shopping-phinf.pstatic.net/main_5831980/58319806324.jpg,29260,,11번가,58319806324,2,,,식품,과자/베이커리,초콜릿,,두바이 초콜릿
공스킨 <b>두바이</b> 쫀득 땅콩<b>초콜릿</b>(한국식품안전관리인증원 인증),https://smartstore.naver.com/main/products/12710711261,https://shopping-phinf.pstatic.net/main_9025522/90255222185.1.jpg,1900,,공스킨,90255222185,2,공스킨,,식품,과자/베이커리,초콜릿,,두바이 초콜릿
간식<b>두바이 초콜릿</b> 두바이 초콜렛 오리지널 <b>두바이 초콜릿</b> 선물세트  1개  40g,https://link.coupang.com/re/PCSNAVERPCSDP?pageKey=9004325398&ctag=9004325398&lptag=I26388188793&itemId=26388188793&vendorItemId=93795317134&spec=10305199,https://shopping-phinf.pstatic.net/main_5639397/56393976786.2.jpg,9500,,쿠팡,56393976786,2,,,식품,과자/베이커리,초콜릿,,두바이 초콜릿
칼리바우트 W2 화이트커버춰(28%) 500g / <b>두바이</b>쫀득쿠키 만들기 재료,https://wellbaking.com/product/detail.html?product_no=711&cate_no=155&display_group=1&cafe_mkt=naver_ks&mkt_in=Y&ghost_mall_id=naver&ref=naver_open,https://shopping-phinf.pstatic.net/main_8984789/8984789340.jpg,18500,,웰베이킹,8984789340,2,,,식품,과자/베이커리,초콜릿,,두바이 초콜릿
수제 <b>두바이초콜릿</b> 꿈꾸는솜사탕 광주수완점,https://smartstore.naver.com/main/products/11135901352,https://shopping-phinf.pstatic.net/main_8868041/88680411674.1.jpg,13900,,수제꿈꾸는솜사탕,88680411674,2,,,식품,과자/베이커리,초콜릿,,두바이 초콜릿
픽스 <b>두바이 초콜릿</b> Fix 오리지널 피스타치오 <b>dubai chocolate</b>,https://smartstore.naver.com/main/products/12666447959,https://shopping-phinf.pstatic.net/main_9021095/90210958865.jpg,51500,,야사라마켓,90210958865,2,픽스,,식품,과자/베이커리,초콜릿,,두바이 초콜릿
[<b>두바이 초콜릿</b>] 프랑스 발로나 <b>두바이 초콜릿</b> 선물세트,https://smartstore.naver.com/main/products/11054421236,https://shopping-phinf.pstatic.net/main_8859892/88598927447.5.jpg,37000,,아르메리아 쇼콜라,88598927447,2,,,식품,과자/베이커리,초콜릿,,두바이 초콜릿
오브세이 <b>두바이초콜릿</b> 117g 피스타치오 카다이프 수제초콜렛 수능 응원 선물,https://smartstore.naver.com/main/products/11363311829,https://shopping-phinf.pstatic.net/main_8890782/88907822194.3.jpg,10450,,ORBSEI,88907822194,2,오브세이,,식품,과자/베이커리,초콜릿,,두바이 초콜릿
"🍫<b>두바이초콜릿</b>🍫 꾸덕바삭 피스타치오 카다이프, 리리컬(LYRICAL)",https://www.idus.com/v2/recommend/product?product_uuid=592b2de8-df3a-462a-ac38-312bf7336e14&is_product_info=true&utm_source=naver_shopping&utm_medium=pc&utm_campaign={ad_group}&utm_content={campaign},https://shopping-phinf.pstatic.net/main_5292510/52925102463.1.jpg,27000,,아이디어스idus,52925102463,2,,,식품,과자/베이커리,초콜릿,,두바이 초콜릿
<b>두바이 초콜릿</b> st 피스타치오 크런치 (45g x 4개) 2세트,https://smartstore.naver.com/main/products/11121901753,https://shopping-phinf.pstatic.net/main_8866641/88666412075.6.jpg,36800,,파르팜,88666412075,2,파르팜,큐앤비푸드,식품,과자/베이커리,초콜릿,,두바이 초콜릿
튀르키예 카다이프 면 500g <b>두바이 초콜릿</b> 만들기 재료 지미 필로 zimi filo,https://www.11st.co.kr/connect/Gateway.tmall?method=Xsite&prdNo=8946761385&tid=1000000061,https://shopping-phinf.pstatic.net/main_5817531/58175319123.1.jpg,28370,,11번가,58175319123,3,,,식품,과자/베이커리,초콜릿,,두바이 초콜릿
[달미공방] <b>두바이 초콜릿</b>  1개  115g,https://link.coupang.com/re/PCSNAVERPCSDP?pageKey=8561084713&ctag=8561084713&lptag=I24792623174&itemId=24792623174&vendorItemId=91786408654&spec=10305199,https://shopping-phinf.pstatic.net/main_5784857/57848573166.jpg,12900,,쿠팡,57848573166,2,,,식품,과자/베이커리,초콜릿,,두바이 초콜릿
<b>두바이초콜릿</b> 대왕사이즈 (350g),https://smartstore.naver.com/main/products/10675466659,https://shopping-phinf.pstatic.net/main_8821997/88219972581.2.jpg,39900,,슈링스타샵,88219972581,2,,,식품,과자/베이커리,초콜릿,,두바이 초콜릿
찐편의점<b>두바이초콜릿</b> 카다이프 쵸코렛 초코 두바이타입초콜릿 최콜릿,https://smartstore.naver.com/main/products/10939638464,https://shopping-phinf.pstatic.net/main_8848414/88484144499.2.jpg,69350,,쿱스몰,88484144499,2,해피타임,,식품,과자/베이커리,초콜릿,,두바이 초콜릿
파티스위스 두바이 피스타치오 크림 앤 카다이프 밀크 초콜릿 60g <b>두바이 초콜릿</b>,https://link.coupang.com/re/PCSNAVERPCSDP?pageKey=8499241596&ctag=8499241596&lptag=I27323571936&itemId=27323571936&vendorItemId=94289941508&spec=10305199,https://shopping-phinf.pstatic.net/main_5815296/58152966297.jpg,14400,,쿠팡,58152966297,2,,,식품,과자/베이커리,초콜릿,,두바이 초콜릿
아라비안 딜라이트 대추야자 <b>초콜릿</b> 코스트코 <b>두바이</b> 초코렛 500g,https://smartstore.naver.com/main/products/12223235843,https://shopping-phinf.pstatic.net/main_8976774/89767746548.jpg,13300,,쿨도매,89767746548,2,,La Ronda,식품,과자/베이커리,초콜릿,,두바이 초콜릿
두바이 픽스초콜릿 Fix <b>Dubai Chocolate</b>,https://smartstore.naver.com/main/products/10417239070,https://shopping-phinf.pstatic.net/main_8796174/87961744055.jpg,51900,,만족토코,87961744055,2,픽스,픽스,식품,과자/베이커리,초콜릿,,두바이 초콜릿
<b>두바이초콜릿</b> 피스타치오 카다이프 수제 초콜렛  2개  145g,https://link.coupang.com/re/PCSNAVERPCSDP?pageKey=8357158070&ctag=8357158070&lptag=I24148950769&itemId=24148950769&vendorItemId=91167706702&spec=10305199,https://shopping-phinf.pstatic.net/main_5052537/50525379310.9.jpg,32160,,쿠팡,50525379310,2,,,식품,과자/베이커리,초콜릿,,두바이 초콜릿
