title,link,description,bloggername,bloggerlink,postdate,keyword
<b>두바이 쫀득쿠키</b> 레시피 실패 없이 만들기,https://blog.naver.com/naettee/224108802220,<b>두바이 쫀득쿠키</b> 레시피 <b>두바이 쫀득쿠키</b> 만들기 쿠키 만들기 쿠키 레시피 요즘 정말 핫한 간식 두바이... 일반 쫀득쿠키를 만들어보신 분들이라면 그것과 비슷해서 좀 더 쉬울 수 있어요. 버터를 우선 중불... ,"네뜨,베리의 달달한 하루",blog.naver.com/naettee,20251214,두바이 쫀득쿠키
<b>두바이 쫀득쿠키</b> 만들기 피스타치오 스프레드 레시피,https://blog.naver.com/baby0817/224122471287,<b>두바이 쫀득쿠키</b> 만들기 <b>두바이 쫀득쿠키</b> 레시피 피스타치오 스프레드 이게 뭐길래 그렇게 핫한가?!... 둥글게 모양 잡기 쫀득 쿠키를 만들어 주기 전에 미리 모양을 잡아서 밎어두시구요. 4. 마시멜로 반죽... ,축복받은 유전자 완소남매의 엄마표 먹거리,blog.naver.com/baby0817,20251225,두바이 쫀득쿠키
세븐일레븐 <b>두바이 쫀득쿠키</b> 두쫀쿠 내돈내산 후기,https://blog.naver.com/hyjueng/224138403353,"두쫀쿠 개봉기 구매한 세븐일레븐 <b>두바이 쫀득 쿠키</b>를 개봉을 하기 위해 나란히 두었는데 종이 포장지... 때 쫀득함의 차이도 엄청 차이나며, 카다이프의 고소함과 바삭함 자체가 다르다. 두바이초콜릿을 꽤... ",꿈속에서도 게임을!!,blog.naver.com/hyjueng,20260107,두바이 쫀득쿠키
<b>두바이 쫀득쿠키</b> 세븐일레븐 쫀득볼 GS 두쫀쿠 편의점 신상 비교,https://blog.naver.com/cottoncandy_123/224139822614,"가격 세븐일레븐 <b>두바이 쫀득쿠키</b> 가격은 개당 3,200원이에요. GS 두바이쫀득볼 가격은 2개들은 한 셋트가 5,800원이었거든요. 그것보단 개당 가격이 살짝 비쌌어요. 2. 기본 정보 구입일자인 1월 2일 기준으로... ",달코미의 먹방 다이어리,blog.naver.com/cottoncandy_123,20260109,두바이 쫀득쿠키
<b>두바이쫀득쿠키</b> 만드는 법 두쫀쿠 만들기 레시피 홈베이킹,https://blog.naver.com/soripang/224119024038,쫀득한 맛이 덜하니까 적당한 밸런스가 필요해 보이네요. 제가 먹을 건 껍질이 두툼한 것^^ 레인지에 데우지 않고 실온에 두었다가 먹었는데 겉은 부드럽고 속은 바사삭 맛있어요. 10초 돌리고 <b>두바이쫀득쿠키</b>의... ,님오의 홈베이킹 홈쿠킹,blog.naver.com/soripang,20251223,두바이 쫀득쿠키
<b>두바이쫀득쿠키</b>에 들어가는 피스타치오 스프레드 만드는법,https://blog.naver.com/ssun0113/224135493111,스프레드나 재미삼아 한번씩만 만들어보는걸로~ 피스타치오스프레드 들어가는 쫀득쿠키 레시피도 함께 봐주세용. 두쫀쿠 만들기 <b>두바이쫀득쿠키</b> 레시피 실패 후의 성공후기 https://m.blog.naver.com/ssun0113/224133940602,써니쿡의 힐링푸드스토리,blog.naver.com/ssun0113,20260105,두바이 쫀득쿠키
<b>두바이쫀득쿠키</b> 만들기 두쫀쿠 레시피,https://blog.naver.com/ssuujin/224125531885,쟁여두세요 날이갈수록 오른다고 하니 참고하세요 궁금하신분들은 댓글주심 아는대로 답글 달아드릴께요 #두쫀쿠 #<b>두바이쫀득쿠키</b>레시피 #두쫀쿠레시피 #두바이쫀득볼레시피 #두바이쫀득볼 #<b>두바이쫀득쿠키</b>,라비로그,blog.naver.com/ssuujin,20251228,두바이 쫀득쿠키
수원역 <b>두바이 쫀득쿠키</b> 내돈내산 두쫀쿠 후기,https://blog.naver.com/kk0jjin/224139708124,"가격은 솔직히 이런 느낌 현장 가격 <b>두바이 쫀득 쿠키</b>: 6,600원 두바이 초콜릿 크림빵: 7,200원 크기는... 피스타치오 단면 실물 이 정도 식감 카다이프는 시간·온도·습도에 따라 바삭 ↔ 쫀득 범위가 달라지기... ",❤️꼬꼬찐이❤️,blog.naver.com/kk0jjin,20260108,두바이 쫀득쿠키
카페 두쫀쿠 맛집 선데이카리오카 카페 <b>두바이쫀득쿠키</b> 웨이팅,https://blog.naver.com/ninamath/224138849507,<b>두바이쫀득쿠키</b>는 피스타치오로 직접 카다이프를 만드실 정도로 정성을 다하는 곳 두쫀쿠 맛집에서... ➰CONTENTS 01 영업정보 02 감성있는 내부 분위기 03 브런치와 커피 메뉴 04 샌드위치와 <b>두바이쫀득쿠키</b> 05... ,어푸어푸 맛집 여행,blog.naver.com/ninamath,20260108,두바이 쫀득쿠키
진해 <b>두바이 쫀득쿠키</b> 슬로우오븐 두쫀쿠 맛집 내돈내산,https://blog.naver.com/luckygirl318/224139800277,"진해 <b>두바이 쫀득쿠키</b> 슬로우오븐 두쫀쿠 맛집 내돈내산 사진, 글ⓒ윌로 차성민과자점 두쫀쿠 맛집을 다녀온 후, 생각보다 인상적인 식감에 자연스럽게 다른 곳의 <b>두바이 쫀득쿠키</b>도 궁금해졌어요. 그러다... ",윌로네 ON THE WAY,blog.naver.com/luckygirl318,20260109,두바이 쫀득쿠키
김해 <b>두바이쫀득쿠키</b> 파는 장유 율하 디저트카페 밤비공기 두쫀쿠,https://blog.naver.com/giselesj0414/224138441559,"대망의 <b>두바이 쫀득쿠키</b>! 반으로 잘라보니 카다이프 스프레드가 꽉꽉 들어 있었고 완전 말랑한 식감은 아니어서 집에서 먹었으면 전자레인지 5초 돌렸을 것 같은 느낌? 겉은 쫀득, 식감은 바삭한데 무엇보다... ",쫑쫑이랑 여행가자♬,blog.naver.com/giselesj0414,20260108,두바이 쫀득쿠키
세븐일레븐 편의점 <b>두바이쫀득쿠키</b> 카다이프쫀득볼... ,https://blog.naver.com/lmspnr0114/224139249444,"카다이프쫀득볼을 구매했다. 이 제품이 편의점 <b>두바이쫀득쿠키</b> 라인 중 하나다. 가격은 1개입 3,200원. 6... 구매했던 2개 중에 한 개를 절반도 채 못 먹고, 남은 1개를 냉장보관하려다가 발견한 원조 두바이초콜릿.... ",뷰티카우의 오늘기록,blog.naver.com/lmspnr0114,20260108,두바이 쫀득쿠키
CU <b>두바이 쫀득 쿠키</b> 찹쌀떡 카다이프 두쫀쿠 예약 재고확인... ,https://blog.naver.com/starkimpt/224139031416,"<b>쫀득</b>찹쌀떡이 더 맛있다고 합니다. 특히 우유와 먹으니 찰떡이라고 해요. 대신 한 개 이상은 물릴 수 있다고 저에게 주의를 줍니다 <b>두바이</b> 편의점 디저트로 마카롱, 미니수건케잌, 브라우니, 초코 <b>쿠키</b> 종류가... ",유니크한 나의 하루,blog.naver.com/starkimpt,20260108,두바이 쫀득쿠키
성수 &lt;하츠베이커리&gt; <b>두바이 쫀득 쿠키</b> 쫀득빵 샌드베이글 평일... ,https://blog.naver.com/viviankk/224139156505,성수 &lt;하츠베이커리&gt; <b>두바이 쫀득 쿠키</b> 쫀득빵 샌드베이글 평일 웨이팅 꿀팁 성수 &lt;하츠베이커리... 성수동 #성수카페 #베이커리카페 #우드톤인테리어 #베이커리데이트 #두바이쿠키 #쫀득빵 #베이커리좋아,은블리의 소소한일상 맛집,blog.naver.com/viviankk,20260108,두바이 쫀득쿠키
한성대입구역 성북동 <b>두바이 쫀득 쿠키</b> 카페,https://blog.naver.com/rainbowtuna/224124606276,한성대입구역 몰힐커피 성북동 <b>두바이 쫀득 쿠키</b> 있는 카페 여러분 안녕하세요 <b>두바이쫀득쿠키</b> 드디어... 두바이!!! 내부엔 그래도 테이블이 거의 들어차있었습니다. 2시 쫌 넘어서 들어갔더니 두쫀쿠는 3시에... ,물가에 내놓은 여행,blog.naver.com/rainbowtuna,20251227,두바이 쫀득쿠키
한양대 카페 르셀 베이커리 소금빵 맛집에 <b>두바이쫀득쿠키</b>까지,https://blog.naver.com/june_be/224128518642,한양대 카페 소금빵 <b>두바이쫀득쿠키</b> 르셀 베이커리 한양대점 글·사진 by 레몽까까 한양대 정문 바로... 바삭함의 차원이 다른 두바이 초콜릿 타르트도 쫀득볼과는 완전히 다른 매력으로 한양대 카페 르셀 가면... ,"레몽까까의 쉼표 여행, 플리",blog.naver.com/june_be,20251231,두바이 쫀득쿠키
두쫀쿠 맛집 서울 <b>두바이 쫀득쿠키</b> 공릉 니토 내돈내산 후기,https://blog.naver.com/ghqkd0829/224139486274,두쫀쿠 외에도 쿠키류도 있었는데 전 <b>두바이 쫀득 쿠키</b>만 구입! <b>두바이 쫀득쿠키</b> with 니토 이게 2만원이... 두쫀쿠 맛집 내돈내산 후기 총평 말랑 쫀득한 <b>두바이 쫀득쿠키</b> 마시멜로우보다는 카다이프와... ,♡서자매와 함께하는 행복스토리♡,blog.naver.com/ghqkd0829,20260108,두바이 쫀득쿠키
목2동 염창역 <b>두바이쫀득쿠키</b> 맛집 빵의시간,https://blog.naver.com/totoro0550/224132690329,<b>두바이 쫀득 쿠키</b> 빵의시간 두쫀쿠...두쫀쿠...대체 그게 뭐냐며 무엇의 줄임말인지도 몰랐는데...오늘... 겉은 쫀득하고 말랑하게 녹아내리고 속은 바삭함이 살아나는듯한 식감이되었어요 저는 두바이... ,가제트꼬냉,blog.naver.com/totoro0550,20260103,두바이 쫀득쿠키
댕리단길 <b>두바이 쫀득 쿠키</b> 스코닉 주말 웨이팅,https://blog.naver.com/west_hoon/224137422381,풍경 두바이 쫀드기가 뭐길래 댕리단길 스코닉 오픈시간에 도착했어요 그런데.. 주말이라 그랬겠죠... 적당히 쫀득 그래서 <b>두바이 쫀득 쿠키</b>인듯 맛은 있어요 그런데 한번에 2~3개 먹기엔 좀 부담스런것도 사실... ,why not??,blog.naver.com/west_hoon,20260107,두바이 쫀득쿠키
왕십리 카페 추천 <b>두바이 쫀득쿠키</b> 르쎌 베이커리 데이트,https://blog.naver.com/goodhowoo/224124004213,"저희는 여기에 '두바이 초코 소금빵'과 식사 대용으로 '와사비 크랩', '에그듬뿍', '햄치즈 샌드위치... <b>두바이 쫀득 쿠키</b> 식감의 변주: 겉면은 이름 그대로 쫀득하고 찰진 쿠키의 질감이 살아있고, 속은... ",好友 정영욱 World Travel Photo Log ✈,blog.naver.com/goodhowoo,20251227,두바이 쫀득쿠키
청주 <b>두바이 쫀득쿠키</b> 두쫀쿠 내돈내산 후기,https://blog.naver.com/kimhy004/224140651612,두바이 쿠키 나오는 매장에 따라서 맛은 각각 다르지만... 어떤 맛이 나는지 궁금하신 분들을 위해 제가 직접 먹어본 후기를 적어 드릴게요. 1. <b>두바이 쫀득쿠키</b> 포장 풀기 몇 개를 구입할까 하다가 5개를... ,들꽃향기 건강 밥상,blog.naver.com/kimhy004,20260110,두바이 쫀득쿠키
산울동 빙수 맛집 빙동댕 방문기(feat. <b>두바이쫀득쿠키</b>),https://blog.naver.com/xoghkqlf0925/224139991408,근데 요즘 <b>두바이쫀득쿠키</b> 정말 핫한거 아시죠? 빙수집이 겨울에도 왜이렇게 바쁜가 했더니 주방에서... 다 못먹을 듯 싶어 일단 반은 덜어놓고 먹었습니다^^ 오레오 과자와 쿠키크럼블이 잔뜩 들어가있고... ,덕봉네 세종살이,blog.naver.com/xoghkqlf0925,20260109,두바이 쫀득쿠키
세븐일레븐 <b>두바이 쫀득쿠키</b> 카다이프 쫀득볼 두쫀쿠 후기,https://blog.naver.com/alswl0224/224138640477,세븐일레븐 <b>두바이 쫀득쿠키</b> 카다이프 쫀득볼 두쫀쿠 후기 오늘은 요즘 대세 <b>두바이 쫀득쿠키</b> 후기를... 카다이프 쫀득볼 또는 두바이로 검색하면 바로 떠요 지도보기 눌러서 보면 더 쉽게 근처 매장... ,망디의먹로그,blog.naver.com/alswl0224,20260108,두바이 쫀득쿠키
창원 <b>두바이 쫀득쿠키</b> 맛집 차성민과자점 한마음점 두쫀쿠... ,https://blog.naver.com/luckygirl318/224129945552,"요즘 <b>두바이 쫀득쿠키</b>, 줄여서 두쫀쿠는 제가 살고 있는 창원뿐만이 아닌 전국적으로 유행 중인 디저트예요. 이전에 두바이 초콜릿 유행 때 제 스타일이 아니었던 기억이 있어서 이번엔 크게 관심 없었는데... ",윌로네 ON THE WAY,blog.naver.com/luckygirl318,20260101,두바이 쫀득쿠키
"광주 동명동 <b>두바이 쫀득 쿠키</b>, 인세인쿠키 두쫀쿠 영접:)",https://blog.naver.com/qcdxxx/224139481050,동명동 <b>두바이 쫀득 쿠키</b>는 인세인쿠키! 5. 포장 퀄리티  포장이 깔끔하고 감성적인 디자인이라... 꾸덕꾸덕한 느낌보다는 쫀득하면서 고급진 느낌이랄까요?? 바삭하게 씹히는 식감이 있어서 단조롭지 않게... ,HAIR WORK ROOM,blog.naver.com/qcdxxx,20260108,두바이 쫀득쿠키
원주 반곡동 카페 [레이어케이크] <b>두바이쫀득쿠키</b> 후기,https://blog.naver.com/gwj00129/224138410023,"이제 작년(ㅋㅋㅋ12월)에 갔다온 원주 혁신도시 레이어케이크 <b>두바이쫀득쿠키</b> 후기 친구가 원주서 젤... 하나 더 살걸이 후회됨ㅋㅋㅋㅋㅋㅋ 이외에도 소금빵 종류들(일반, 명란, 두바이) 그냥 쫀득쿠키랑 크림... ",Alea Jacta Est,blog.naver.com/gwj00129,20260107,두바이 쫀득쿠키
"두쫀쿠 원데이클래스, <b>두바이 쫀득쿠키</b> 만들기로 배우는... ",https://blog.naver.com/irin101010/224138096040,만들어 쿠키의 식감과 완성도에 직접적인 영향을 줍니다. <b>두바이 쫀득쿠키</b>의 쫀득한 질감을 만들기... 이후 피스타치오 페이스트와 섞어 두바이 디저트 특유의 식감 구조를 완성합니다. 일반 쿠키와 확실히 다른... ,"배움의 맛, 삶의 기술",blog.naver.com/irin101010,20260107,두바이 쫀득쿠키
"하남 <b>두바이 쫀득 쿠키</b>, 줄 서지 마세요! 배달 앱 주문 성공",https://blog.naver.com/blissmuse/224140671879,요즘 전국에서 품절 대란인 <b>두바이 쫀득 쿠키</b>. 파워 집순이는 추운 날씨에 밖에서 줄 서는 수고 대신... 두바이 열풍으로 요즘 제과 재료 가격 폭등이 심하다고 함 피스타치오는 말할 것도 없고 코코아... ,MY CYNICAL ROMANCE,blog.naver.com/blissmuse,20260109,두바이 쫀득쿠키
서울<b>두바이쫀득쿠키</b> 맛집 강남으로 뒤돌면 생각나는 카페포모... ,https://blog.naver.com/jej3480/224112201493,지나다녀서 쫀득이를 먹으려 편한 루트대로 찾기 좋았어요 지하철로 간다면 어디로 가든 10분 즈음... 두바이 픽업 두바이 두친자들 서울<b>두바이쫀득쿠키</b>에 꼭 모이시면 좋겠습니다 매끈한 모습에 이곳에... ,일기쓰듯,blog.naver.com/jej3480,20251216,두바이 쫀득쿠키
<b>두바이 쫀득쿠키</b> cu gs25 예약 방법 편의점 파는곳,https://blog.naver.com/tlsdmsdud21/224126644278,"<b>두바이 쫀득쿠키</b> 후기 제가 찾은 건 CU 냉장 디저트 코너에 들어오는 ‘두바이 쫀득 찹쌀떡(모찌)’ 타입. 가격은 3,100원이고, 우주패스 구독 중이라 30% 할인 받아서 손이 더 가볍더라고요(두 개 사도 체감이... ",긍정적으로...,blog.naver.com/tlsdmsdud21,20251229,두바이 쫀득쿠키
노원제과제빵학원 베이킹 원데이클래스 <b>두바이 쫀득쿠키</b> 만들기,https://blog.naver.com/b2750838/224137918613,쿠키를 굽는 동안 <b>두바이 쫀득쿠키</b>의 포인트인 카다이프면을 준비합니다. 잘게 다진 카다이프면을 팬에 볶아 바삭하게 만든 뒤 미지근하게 식혀 피스타치오 페이스트와 섞어줍니다. 이 과정에서 두바이 디저트... ,코리아요리아트아카데미,blog.naver.com/b2750838,20260107,두바이 쫀득쿠키
세븐일레븐 <b>두바이 쫀득쿠키</b> 두쫀쿠 쫀득볼 가격 구입 방법,https://blog.naver.com/etienne03/224140640810,그만큼 핫한 두바이 쫀득볼! 드디어 제가 먹어봤는데요. 자세한 후기 소개해 드릴게요. 1. 구입 방법... 자세히 살펴보니 겉에 쫀득쿠키 부분이 두꺼운 편이었어요. 며칠 전 먹은 퐁신당 <b>두바이 쫀득쿠키</b>... ,Barbie's place,blog.naver.com/etienne03,20260109,두바이 쫀득쿠키
천호 블랑제리 11-17 두쫀쿠 <b>두바이쫀득쿠키</b> 솔직후기 오픈런... ,https://blog.naver.com/mjinchul1/224137926556,카다이프와 피스타치오 스프레드가 적절하게 섞여 있는거 같아요 겉면을 감싸고 있는데 초코렛이라 생각했는데 맛 보니 쫀득한 마쉬멜로라고 하네요 처음 맛 보는 <b>두바이쫀득쿠키</b>라 다른 매장들이랑 비교는... ,바블의 신나는 세상,blog.naver.com/mjinchul1,20260108,두바이 쫀득쿠키
김포 고촌 빵집 <b>두바이쫀득쿠키</b> 3500원,https://blog.naver.com/liziah/224137964169,내돈내산 비싸기로 소문난 <b>두바이쫀득쿠키</b> 두쫀쿠 좋아하는 빵집 하마스에서도 두쫀쿠를 판매한다는... 대망의 <b>두바이쫀득쿠키</b>는 ! 원래 출시하지마자 매장에 쌓여있어서 편하게 담아가면 되었는데 사재기를... ,이시즌 컬쳐⋆푸드트립,blog.naver.com/liziah,20260107,두바이 쫀득쿠키
편의점 <b>두바이 쫀득쿠키</b> CU GS 예약,https://blog.naver.com/portalnews/224125426384,"<b>두바이 쫀득 쿠키</b> 온라인 예약 1. 두쫀쿠 예약, 왜 이렇게 난리일까? 처음엔 단순히 ‘맛있다’는... 항목 CU 두쫀쿠 GS25 두쫀쿠 식감 쫀득한 찹쌀떡 느낌 꾸덕하고 바삭한 쿠키 필링 피스타치오 크림 진한... ",정보 뉴스포탈,blog.naver.com/portalnews,20251228,두바이 쫀득쿠키
청라카페 <b>두바이쫀득쿠키</b> 영접! 청라빵집 터줏대감 화이트오페라,https://blog.naver.com/nin1009/224137967857,"두바이 초콜렛이 전국을 휩쓸때 힘들게 먹어본 두바이 초콜렛엔 큰 매력을 느끼지 못했어요. 그래서... 화이트오페라 <b>두바이쫀득쿠키</b>는 빵을 오래 다뤄본 경험치가 느껴집니다. 얇은 쫀득피, 잔뜩 들어가면서... ",_magicsoup,blog.naver.com/nin1009,20260107,두바이 쫀득쿠키
왕십리 카페 르셀 소금빵 <b>두바이쫀득쿠키</b> 후기,https://blog.naver.com/happyrain012/224122794196,"음료와 요즘 핫한 품절 대란 디저트 <b>두바이쫀득쿠키</b>와 두바이 초코 소금빵도 주문했어요. 요즘 인기가 많아서인지 쫀득쿠키는 딱 4개 남아 있길래 저희가 마지막으로 겟했는데, 바로 품절이 되었어요. 구매를... ",여행 그리고 memory,blog.naver.com/happyrain012,20251226,두바이 쫀득쿠키
거제 <b>두바이쫀득쿠키</b> 쫀득볼 옥포 리소카페,https://blog.naver.com/pianistggo/224141487861,"딸기쫀득이, 초코 한입 쌀쿠키, 러스크, 머랭쿠키등 가볍게 먹을수 있는 달달 디저트 종류들도 많았당... 거제 두바이쫀득볼도 궁금해져 먹어보고 비교해봐야겠다 ˘◡˘ 거제 <b>두바이쫀득쿠키</b>, 쫀득볼파는... ",김꼬니 블로그,blog.naver.com/pianistggo,20260110,두바이 쫀득쿠키
<b>두바이 쫀득쿠키</b> 만들기 그리고...어쩌다 이렇게 떴을까..?,https://blog.naver.com/ktc1024/224136480987,"이 과정에서 &quot;두바이도 아니고, 쫀득하지도 않고, 쿠키도 아니다&quot;라는 밈이 생겼고, 결과적으로 원래의 <b>두바이 쫀득쿠키</b>에 대한 관심이 더 커지게 됐어요. 3. <b>두바이 쫀득쿠키</b>와 호텔제과제빵과의 연결... ",한국관광대학교 공식블로그,blog.naver.com/ktc1024,20260106,두바이 쫀득쿠키
부산 <b>두바이쫀득쿠키</b> 부산대 달콤상점 웨이팅 꿀팁,https://blog.naver.com/yui017/224137737769,"카다이프도 엄청 바삭하고 모찌도 얇고 엄청 쫀득해서 소개해드려요! 위치는 부산대역 근처에... 달콤상점은 <b>두바이쫀득쿠키</b> 외에도 두바이푸딩,두바이쿠키, 두바이초콜렛 등을 판매하고 있어요. 케이크... ",우리는 여행을 사랑해,blog.naver.com/yui017,20260107,두바이 쫀득쿠키
[서울 을지로3가역/을지로] 109ST(<b>두바이쫀득쿠키</b>),https://blog.naver.com/bluebear282/224139313914,"종로 쿠키앤클레이 두쫀쿠랑 맛이 비슷한 거 같다고 얘기함,,! 을지로에 사이드 바이 사이드 말고 109ST에서도 <b>두바이쫀득쿠키</b> 팔고 있으니까 여기도 들려보시길,, 부럽다 을지로 3가역 직장인들,,, 두쫀쿠... ",반짝반짝 빛나는,blog.naver.com/bluebear282,20260108,두바이 쫀득쿠키
용인 <b>두바이 쫀득쿠키</b> 두쫀쿠 NO.1 내돈내산 더레이어하우스,https://blog.naver.com/kk0jjin/224137923854,겉은 과하게 달지 않고 안은 쫀득하면서 꾸덕한 식감! <b>두바이 쫀득쿠키</b>로 꽈배기 만들어 봤니? 피스타치오 맛은 진한데 느끼하지 않고 카다이프의 바삭함이 포인트로 입안에서 톡톡 살아있더라고요. 두쫀쿠에... ,❤️꼬꼬찐이❤️,blog.naver.com/kk0jjin,20260107,두바이 쫀득쿠키
김포 걸포동 102베이커리 <b>두바이 쫀득쿠키</b> '두쫀쿠',https://blog.naver.com/davidum/224139392450,"<b>두바이 쫀득쿠키</b>가 대체 뭐길래 이렇게 난리인지 ㅋㅋ??? 나도 집주변, 김포에서 가장 가까운 두바이... 김포두바이 #걸포동두바이 #김포두쫀쿠 #김포두바이쫀득 #김포두바이쿠키 #김포두바이디저트",YEGONGDAY,blog.naver.com/davidum,20260108,두바이 쫀득쿠키
배달시켜 먹은 <b>두바이쫀득쿠키</b> 막차 타봄 양산 JAM마카롱,https://blog.naver.com/maytarot_/224141109561,나도 드디어 먹어봤다~ 저 사실 예전에 두바이초콜릿은 아무리 사 먹어도 별로였어서 이번... 제가 좋아하는 쫀득 꼬끄!! <b>두바이 쫀득 쿠키</b> 유행이 끝나더라도 마카롱 먹고 싶어서 다음에 또 사 먹을 것 같아요!... ,타로와 즐겁게 살기,blog.naver.com/maytarot_,20260110,두바이 쫀득쿠키
비서진 안유진 두쫀쿠 아이브 <b>두바이 쫀득 쿠키</b>,https://blog.naver.com/jhgs1701/224141158870,비서진 안유진 두쫀쿠 가격 보기 [ 다양한 아이템 더 알아보기 ] #비서진 #두쫀쿠 #<b>두바이쫀득쿠키</b> #안유진간식 #장원영디저트 #아이브간식 #두바이초콜릿 #피스타치오디저트 #카다이프쿠키 #겉쫀속바... ,잇템힛템,blog.naver.com/jhgs1701,20260110,두바이 쫀득쿠키
부산 <b>두바이 쫀득쿠키</b> 맛집 언네임드 커피 (전포동 초콜릿 카페),https://blog.naver.com/ganzzajang/224113100994,<b>두바이 쫀득쿠키</b> 한 놈은 맛보고 가야 직성이 풀리는 와이프 느님이십니다. 생긴 건 역시 예쁘군요. 이렇게 쭈욱 늘리면 안에 두바이 초콜릿이 나오는데요. 카다이프와 피스타치오 색상까지 기가 막히는군요.... ,독고다이 (재미있는 이야기들),blog.naver.com/ganzzajang,20251220,두바이 쫀득쿠키
경주 딸기 케이크 맛집 88베이글 생일 <b>두바이쫀득쿠키</b> 추천,https://blog.naver.com/fudwn28/224139753402,추가 주문:<b>두바이 쫀득 쿠키</b> 요새 핫하게 유행이라는  <b>두바이쫀득쿠키</b> 한 알을 사서 먹어봤는데 겉바속쫀의 식감에 고소함이 강해 커피와 궁합이 좋을듯했다. 케익을 주인공으로 <b>두바이 쫀득 쿠키</b>로 마무리... ,격투기하는 디자이너 LadyKlaRe,blog.naver.com/fudwn28,20260108,두바이 쫀득쿠키
대구/중구/브마롱베이커리/<b>두바이쫀득쿠키</b>,https://blog.naver.com/totoreport/224138437549,브마롱베이커리 <b>두바이쫀득쿠키</b> 맛있어서 언니랑 예약하고 찾으러 갔어요 현장판매는 솔드아웃이고 저번에 없던 매장이용시 1인 1쫀득쿠키를 먹을수 있더라구요 이렇게 매장용이 따로 있어서 저번보다... ,TOTO's Lovely Home,blog.naver.com/totoreport,20260107,두바이 쫀득쿠키
다과와 황남점ㅣ경주 <b>두바이쫀득쿠키</b> 황리단길에서 만난 요즘... ,https://blog.naver.com/yong_a_/224141335045,"경주 <b>두바이쫀득쿠키</b> 맛집 다과와 황남점이 휘낭시에, 스콘, 쿠키 등 구움과자 맛집이더라구요ㅎㅎ... 맛보기 두바이 초콜릿은 그래도 몇 번 먹어봤는데 <b>두바이쫀득쿠키</b>는 진짜 처음이라 은근 기대가... ",⋆｡˚ DAILY SHINE ⋆｡˚,blog.naver.com/yong_a_,20260110,두바이 쫀득쿠키
[분당 정자] 레브더구움_<b>두바이쫀득쿠키</b>(두.쫀.쿠),https://blog.naver.com/lovelyminjoo/224138453080,<b>두바이쫀득쿠키</b>가 진열되고 있다. 1인당 최대 4개 구입가능. 두바이 휘낭시에는 1인1개. 두바이 소금빵도 1인 1개 구입 가능하다. 포장해서 나왔다. 대기자로 가득 차 매장에 앉아서 먹을 수가 없음. 매장에서... ,행복한 고민쟁이。,blog.naver.com/lovelyminjoo,20260108,두바이 쫀득쿠키
서울 발산 <b>두바이 쫀득 쿠키</b> 맛집 오트스퀘어 오픈런 웨이팅,https://blog.naver.com/ll_ll88/224140575265,오늘은 제가 너무 애정하는 발산 <b>두바이 쫀득 쿠키</b> 맛집을 소개해보려고 해요. 이미 수차례 방문을... 쫀득한 식감을 싫어하는 분들은 두바이 버터쿠키샌드를 더 선호 할 수도 있겠더라구요. 매일 한 개씩... ,LAMI's travel diary,blog.naver.com/ll_ll88,20260109,두바이 쫀득쿠키
1970홍성딸기모찌 <b>두바이쫀득쿠키</b> 후기 부천 현대백화점 팝업,https://blog.naver.com/maize210/224138375162,"주말에 갔더니 줄이 너무 길어서 월요일날 다시 갔는데도 줄 길었어요 미쳤슨 두바이류는 1인당 1개 구매 가능! 홍성딸기모찌 <b>두바이 쫀득 쿠키</b>는 1개 5,500원입니다! 다른 두쫀쿠랑 달리 원재료명이 적혀있어서... ",살구블라썸,blog.naver.com/maize210,20260107,두바이 쫀득쿠키
동래구 <b>두바이쫀득쿠키</b> 구움인,https://blog.naver.com/gnegnegne/224141407140,만난 <b>두바이 쫀득 쿠키</b>  포장은 요런 모습 두둥 까만 카카오가루?포슬포슬 묻어있다 어서 날 잘라봐... 먹는 쫀득쿠키 ! 잘먹었습니다!! 나의 즐거움이 끝나고 옆을 보니 보이는 아이의 쪼꼬 마들렌 쪼꼬... ,꼬마 민들레의 프로펠러,blog.naver.com/gnegnegne,20260110,두바이 쫀득쿠키
종로 <b>두바이 쫀득쿠키</b> 맛집 쿠키앤클레이 두쫀쿠 성지,https://blog.naver.com/104204303/224138276837,종로 <b>두바이 쫀득쿠키</b> 맛집 쿠키앤클레이 두쫀쿠 성지 종로에 위치한 저희 회사 근처에도 요즘 핫한... 쫀득한 마시멜로우는 얇은 편인데 얇지만 식감은 제대로구요. 안에 카다이프와 피스타치오 스프레드가... ,very goooood luck,blog.naver.com/104204303,20260107,두바이 쫀득쿠키
<b>두바이 쫀득 쿠키</b> 영상 보고 달려간 찐단골의 3주년 시즌 용인... ,https://blog.naver.com/kk0jjin/224135766640,<b>두바이 쫀득 쿠키</b> 영상을 봤거든요. 바삭+쫀득+달콤 이 조합을 영상으로 보니 안 갈 수가 없더라고요. 그런데… 영상만 보고 글자는 안 읽는 나란 사람 주말 한정 판매 평일엔 없음 결론은요. 두바이에 ‘두’... ,❤️꼬꼬찐이❤️,blog.naver.com/kk0jjin,20260106,두바이 쫀득쿠키
"<b>두바이쫀득쿠키</b> 네이버 인기상품 및 가격,보관법 총정리",https://blog.naver.com/sp6402/224139594306,"두바이쿠키 미니 피스타치오 초코 30g 30개 1박스 <b>두바이쫀득쿠키</b> 보러가기 ❹ 메고지고 두바이 쫀득 초콜릿 찹쌀떡 40g 8봉 모찌 선물 피스타치오 카다이프 개별포장 메고지고 MEGOZIGO 16,800원 ✅ 특징... ",진심 가득한 한가닥의 리뷰나라,blog.naver.com/sp6402,20260108,두바이 쫀득쿠키
부산 해운대 <b>두바이쫀득쿠키</b> 두쫀쿠 달샘,https://blog.naver.com/xilsondalix/224138366338,<b>두바이쫀득쿠키</b>라고 들어보셨나요? 요즘은 어딜지나가다가 길을 가다가 줄을 엄청 서 있어서 뭘 파는지 들여다보면 <b>두바이쫀득쿠키</b>를 사느라 줄을 엄청 서시더라구요. 지역 불문하고 두쫀쿠는 인기인 것 같아요... ,구름이와 365 육아일기,blog.naver.com/xilsondalix,20260107,두바이 쫀득쿠키
대구 두쫀쿠 <b>두바이쫀득쿠키</b> 빵지순례 브마롱베이커리,https://blog.naver.com/kdskds4329/224129478140,<b>두바이쫀득쿠키</b> 겉은 코코아가루가 묻어있고 피는 쫀득하면서 얇은 마시멜로 속은 피스타치오 페이스트로 버무린 바삭한 카다이프의 조화! 두바이초콜릿도 먹었었는데 그건 이렇게 감흥 없었거든요?! 근데... ,온새미로의 Travel Life,blog.naver.com/kdskds4329,20251231,두바이 쫀득쿠키
'두친자'가 끓여주는ㅣ충주 <b>두바이쫀득쿠키</b> 맛집 총정리 2탄,https://blog.naver.com/cjmusul/224139112214,이곳에서는 <b>두바이쫀득쿠키</b>를 비롯해 다양한 두바이 디저트를 만나 볼 수 있어요 직접 만드는 고소한 피스타치오 스프레드와 수제 구움과자의 환상적인 만남! <b>두바이쫀득쿠키</b>를 처음 접하는 분들도... ,충주여행,blog.naver.com/cjmusul,20260109,두바이 쫀득쿠키
"몬트쿠키 <b>두바이쫀득쿠키</b> 원조, 김포 본점",https://blog.naver.com/osb524/224140523032,"몬트쿠키 <b>두바이쫀득쿠키</b> 원조 김포 본점 <b>두바이쫀득쿠키</b> 4개 세트 18,900원 왕두바이쫀득쿠기 1개 15,900원 작년 연말 가장 뜨거웠던 키워드 보면, <b>두바이쫀득쿠키</b>를 빼놓고 지나갈 수 없습니다. 저는 와이프를... ","먹고, 마시고, 여행하라.",blog.naver.com/osb524,20260109,두바이 쫀득쿠키
비서진 두쫀쿠 안유진 장원영 <b>두바이쫀득쿠키</b> 후기,https://blog.naver.com/tazsun20/224140937459,장원영님은 <b>두바이쫀득쿠키</b>부터 두바이초콜렛까지 유행시켰죠~! 두쫀쿠! 이름부터 생소한 분들 계실... 장원영 <b>두바이쫀득쿠키</b> 인스타 화제템 핵심 구조 겉: 꾸덕하고 쫀득한 쿠키 도우 (초코/버터 등) 속... ,꿀리뷰,blog.naver.com/tazsun20,20260109,두바이 쫀득쿠키
대구 <b>두바이 쫀득 쿠키</b> 배달 대단한탕후루,https://blog.naver.com/kdskds4329/224112850383,"진짜 두바이 초콜릿과는 차원이 다른 진짜 찐 맛도리였어요ㅋㅋ 배달도 이렇게 맛있는데... 줄서는 가게는 얼마나 맛있을까 대구 <b>두바이 쫀득 쿠키</b> 도장깨기를 결심하게 되는 맛이랄까요? 탕후루, 쫀득쿠키... ",온새미로의 Travel Life,blog.naver.com/kdskds4329,20251217,두바이 쫀득쿠키
소쿠리커피 <b>두바이쫀득쿠키</b> 대구 맛집 택배 일요일 오후 10시... ,https://blog.naver.com/kh840310/224129372317,안녕하세요 케이트입니다~ 제가 요즘 <b>두바이 쫀득 쿠키</b>에 빠져서 택배가 가능한데 맛집이라고... 위한 <b>두바이쫀득쿠키</b> 9개에요 ㅎㅎ 이렇게 놓고 보니 두쫀쿠 부자가 된 듯한 기분이 듭니다 ㅎㅎ... ,지극히 개취의 블로그♥,blog.naver.com/kh840310,20251231,두바이 쫀득쿠키
"비서진 안유진 장원영 <b>두바이 쫀득쿠키</b>, 두쫀쿠",https://blog.naver.com/rkarbfl/224141156875,"비서진 안유진 장원영 <b>두바이 쫀득쿠키</b>, 두쫀쿠 비서진에서 안유진과 장원영이 좋아하는 두바이... 특별한 식감의 비밀 두바이 스타일 쿠키가 이렇게 쫀득한 이유는 제조 방식에 있습니다. 반죽을 구울 때... ",Dyana's English,blog.naver.com/rkarbfl,20260110,두바이 쫀득쿠키
<b>두바이쫀득쿠키</b> 맛집 두쫀쿠 내돈내먹 후기,https://blog.naver.com/mayoct/224140836520,"요즘 여기저기서 다들 두쫀쿠, 두쫀쿠 하길래 어제 잠실 롯데백화점에 들른 김에 <b>두바이쫀득쿠키</b>... 아니나 다를까 다른 매장들은 한산한데 역시나 <b>두바이쫀득쿠키</b> 매장 앞에만 대기줄이 촤라락 만들어졌다.... ",기록하면 기억난다,blog.naver.com/mayoct,20260109,두바이 쫀득쿠키
[<b>두바이쫀득쿠키</b>]하이드미플리즈_을지로점,https://blog.naver.com/junga2981/224140691053,"요즘 &quot;<b>두바이 쫀득쿠키</b>&quot;가 트렌드인데요, 을지로에서 맛있다고 소문난 &quot;hidemeplease&quot; 다녀왔습니다.... <b>두바이 쫀득쿠키</b>는 1인당 2개까지만 구매 가능합니다.ㅠ ㅠ 다행히 일행이 3인이라 6개 구입 완료... ",파파야의 소소한 일상,blog.naver.com/junga2981,20260109,두바이 쫀득쿠키
부산 <b>두바이쫀득쿠키</b> 광안리 마이페이보릿쿠키 두쫀쿠 후기,https://blog.naver.com/yui017/224135157235,부산 <b>두바이쫀득쿠키</b> 마이페이보릿쿠키 my favorite cookie 영업시간 매일 11:00~19:00 연중무휴 ️주차 전용주차장 없음 전화 0507-1396-5116 요즘 가장 핫한 디저트인 두쫀쿠 아시나요? 저는 부산 <b>두바이쫀득쿠키</b>... ,우리는 여행을 사랑해,blog.naver.com/yui017,20260105,두바이 쫀득쿠키
편의점 신상 간식 <b>두바이쫀득쿠키</b> 가격 칼로리 재고조회... ,https://blog.naver.com/gongjune3/224140309385,"가격은 개당 3,000원선 튀르키에산 카다이프가 들어 간 <b>두바이쫀득쿠키</b> 보관은 냉장보관이고 개당 50g이며 마시멜로를 녹여 쫀득한 쿠키속에 카다이프와 피스타치오 스프레드를 넣은 디저트 원조는 두바이초... ",제인이 만난 흥미로운 세상 이야기,blog.naver.com/gongjune3,20260109,두바이 쫀득쿠키
<b>두바이 쫀득쿠키</b> 파는곳 맛집 드디어 먹어본 두쫀쿠 후기!,https://blog.naver.com/wi6212/224139562415,겉이 쫀득한 마시멜로와 초코로 되어 있고 안은 카다이프와 피스타치오 크림으로 가득 채워져 있어요.... 아직 <b>두바이 쫀득쿠키</b> 안 드셔 보셨다면! 한 번쯤 드셔보시는 걸 추천드려요. 저는 원래도 두바이... ,"새댁 집호랭이, 살림하다",blog.naver.com/wi6212,20260108,두바이 쫀득쿠키
<b>두바이 쫀득쿠키</b> 두쫀쿠 쿠키리뷰 디저트,https://blog.naver.com/yakooroo/224132370404,"<b>두바이 쫀득쿠키</b>는 이름에서 알 수 있듯이 두바이에서 유래된 쿠키로, 흔히 이야기 하는 겉바 속촉을 거꺼로 한듯 쫀득한 겉면의 식감과 바삭한 내면을 가진 것이 특징이에요. 최근에는 한국에서도 많은 인기를... ",잘될고래,blog.naver.com/yakooroo,20260103,두바이 쫀득쿠키
모집중_<b>두바이쫀득쿠키</b> 만들기 클래스 울산 베이킹수업,https://blog.naver.com/jinnychoco/224137649195,안녕하세요 월넛앤크림입니다 : ) 재작년 두바이 카다이프 초콜릿에 이어 작년부터는 두바이... 두쫀쿠 #<b>두바이쫀득쿠키</b>만들기 #두자이쫀득쿠키클래스 #울산베이킹클래스 #울산베이킹 #울산원데이클래스... ,Walnut & Cream,blog.naver.com/jinnychoco,20260107,두바이 쫀득쿠키
파주 야당 <b>두바이쫀득쿠키</b> 예약 두바이쫀득김밥 1월 픽업,https://blog.naver.com/twinklebunny/224141596557,"주문 가능하신 제품은 1) <b>두바이쫀득쿠키</b> 1구*4개 셋트 27,200 -&gt; 23,000 (스티커는 so sweet things로 변경되었습니다) 2) <b>두바이쫀득쿠키</b> 2구 +두바이쫀득김밥 2구(총 4개) 27,600-&gt; 26,000 김밥은 1구가 2p 한... ",쨍쨍이의 하루,blog.naver.com/twinklebunny,20260110,두바이 쫀득쿠키
카다이프·피스타치오 없어도 맛있는 <b>두바이쫀득쿠키</b> 레시피,https://blog.naver.com/ohana_kitchen/224137419258,동결 건조딸기를 넣어 주면 녹차딸기 쫀득쿠키를 만들 수 있어요. 3. 쫀득피 만들기 쫀득쿠키... ※ 공감과 댓글은 큰 힘이 됩니다♡ ※ #<b>두바이쫀득쿠키</b> #두바이쫀득볼 #두쫀쿠 #두쫀쿠레시피... ,오하나키친 요리하는 엄마의 주방,blog.naver.com/ohana_kitchen,20260107,두바이 쫀득쿠키
세븐일레븐 두쫀쿠 편의점 신상 디저트 <b>두바이쫀득쿠키</b>,https://blog.naver.com/talovedi/224140943903,"개인적으로 초코우유, 돌체라떼, 초코칩 쿠키 이런 걸 좋아하는 편인데 세븐일레븐 편의점 신상 디저트 두쫀쿠.. 하나 다 먹기 조금 힘들었네요. <b>두바이쫀득쿠키</b> 아직 하나 더 남았는데 유통기한 길어서 최대한... ","지금, 여기 그리고 육아",blog.naver.com/talovedi,20260109,두바이 쫀득쿠키
장원영 <b>두바이 쫀득쿠키</b> 편의점 CU GS 예약,https://blog.naver.com/veriro/224125452730,"이번 글에서는에서는 실제 경험을 바탕으로, CU·GS 두바이 쫀득 디저트 비교, 가격과 칼로리 정보, 그리고 편의점 앱을 통한 재고 확인 방법까지 자세히 소개해드리겠습니다. <b>두바이 쫀득쿠키</b> 편의점 예약 1.... ",이슈정보스토리,blog.naver.com/veriro,20251228,두바이 쫀득쿠키
김천 <b>두바이쫀득쿠키</b> 두쫀쿠 파는곳 공유,https://blog.naver.com/lovedaysz_/224136628176,"요즘 다른지역에도 이렇게 <b>두바이쫀득쿠키</b>를 인질삼아 미끼상품으로 엮어파는곳이 많다고하더라구요 요렇게 시켰더니 벌써가격이 25,500원^^ 치킨값만큼 비싼 디저트시다... 두바이이름붙어서 그런지 가격대가... ",가지의 가지가지,blog.naver.com/lovedaysz_,20260106,두바이 쫀득쿠키
"광주 첨단 <b>두바이쫀득쿠키</b> 밀호 주차, 대기시간",https://blog.naver.com/dufrhdsu03/224135470955,"첨단 <b>두바이쫀득쿠키</b> 밀호 총평 누텔라 쫀득쿠키는 굳이 안 사 먹을 듯,, 너무 달고 달아서 별로 차라리 500원 더 주고 두쫀쿠를 사 먹을 겁니다 저는.. <b>두바이쫀득쿠키</b>는 너무 맛있었다! 하지만 너무 작아서... ","혼자, 문어지지마",blog.naver.com/dufrhdsu03,20260107,두바이 쫀득쿠키
두앤두 두쫀쿠 스위트파크 <b>두바이쫀득쿠키</b> 팝업 후기 웨이팅,https://blog.naver.com/yeahappy00/224140980978,"<b>두바이 쫀득쿠키</b>로 두바이초콜렛도, 쫀득쿠키도 안먹어봤지만 이 지독한 유행에 인스타에 두쫀쿠만 잔뜩 떠버리고 먹기도 전에 이미 빠져버리고 말았음.. 그냥 인스타를 키면 피드가 전체가 두쫀쿠고 모든... ",여행하는 옞니의 한사하다,blog.naver.com/yeahappy00,20260109,두바이 쫀득쿠키
"대흥동 두쫀쿠 맛집 윈터커피로스터스, 대전 <b>두바이쫀득쿠키</b> 맛집",https://blog.naver.com/minheeso/224137253988,"사왔던 <b>두바이쫀득쿠키</b> 먹고 반해버린 사람 잇츠미,, 그때부터 두쫀쿠 앓이 시작.. 내놔 두쫀쿠.. ㅠ... 윈터커피로스터스는 두쫀쿠 말고도 두바이소금빵도 있는데요, 두쫀쿠에 한눈 팔려서 두쫀쿠만... ",La dolce vita,blog.naver.com/minheeso,20260107,두바이 쫀득쿠키
"군산 미장동 ‘프레드’ <b>두바이쫀득쿠키</b> 가격, 후기",https://blog.naver.com/a_reumzz/224139807054,군산카페 프레드 <b>두바이쫀득쿠키</b> 후기 두친자 고뚜비.. <b>두바이쫀득쿠키</b>가 뭐길래 내 알고리즘을 장악해버렸어요 ㅠㅠㅠㅠㅠㅠㅠㅠ 이러다 파산핑 될거 같아요 ㅋㅋㅋㅋㅋㅋㅋㅋㅋㅋㅋ ㅋㅋㅋㅋㅋㅋㅋ... ,뚜비뚜비의 하루♩,blog.naver.com/a_reumzz,20260109,두바이 쫀득쿠키
일산 밤리단길 <b>두바이쫀득쿠키</b> 테이크텐 두쫀쿠 카페,https://blog.naver.com/party_tasty/224125629957,테이크텐은 원래도 디저트가 유명한 카페인가봄 두쫀쿠 4개랑 커피 사서 돌아옴 처음 먹어보는 요즘 난리 난리인 <b>두바이쫀득쿠키</b> 바삭하고 고소한 피스타치오 카다이프 필링 밖은 쫀득한 마시멜로우인가?... ,놀고 먹는 블로그,blog.naver.com/party_tasty,20251228,두바이 쫀득쿠키
"달달한 거 싫어하는데 <b>두바이쫀득쿠키</b>, 왜 다들 난리인지 알겠다",https://blog.naver.com/ww4953/224140169777,"였는데 두바이초콜릿 안 좋아하는 사람도 <b>두바이쫀득쿠키</b>는 맛있다고 하길래 뒤늦게야 궁금해진 1인..... 바삭바삭하고 쫀득한 식감이 ASMR 릴스, 스토리, 숏츠 영상에 최적화 되었달까? 인스타에 두쫀쿠... ",izzi’s tip - 패션 트래블 육아,blog.naver.com/ww4953,20260109,두바이 쫀득쿠키
제주도 디저트 선물 추천 모찌마루 <b>두바이 쫀득쿠키</b> 오픈런,https://blog.naver.com/2vivi/224134745438,두쫀쿠 맛집 제주 <b>두바이 쫀득쿠키</b> 핫플이라더니 과연 단면부터 대박이었어요. 집어 드는 순간부터 묵직할 정도였고 재료를 아낌 없이 쓰는게 느껴졌죠. 한 입 먹자마자 모찌의 쫀득함과 필링의 바삭함이... ,나스나스한하루,blog.naver.com/2vivi,20260105,두바이 쫀득쿠키
해운대 <b>두바이 쫀득쿠키</b> 맛집 달샘 배달주문 후기,https://blog.naver.com/sincity01/224138151767,"안녕하세요 마레예요 :) 요즘 SNS를 뜨겁게 달구는 두바이초코 디저트!! 바로 <b>두바이 쫀득쿠키</b>를... 마쉬멜로우로 쫀득한 식감의 두쫀쿠, 진한 두바이초코 풍미를 느껴보시길 바라며 지금까지 해운대 디저트... ",M A R E_a t e l i e r,blog.naver.com/sincity01,20260107,두바이 쫀득쿠키
송리단길 맛집 하프파운드 <b>두바이쫀득쿠키</b>  후기,https://blog.naver.com/njnj35/224136796936,"놓칠 수 없는 두바이쫀득볼의 유혹 이곳의 주인공이라 할 수 있는 <b>두바이쫀득쿠키</b>는 입간판에서부터 존재감이 확실하다. 100% 피스타치오와 카다이프, 고메버터 등 고급 재료를 사용했다는 설명을 보니... ",sosohaneun,blog.naver.com/njnj35,20260106,두바이 쫀득쿠키
서울 <b>두바이쫀득쿠키</b> 파는곳 충정로 두쫀쿠 아임쉬폰 후기,https://blog.naver.com/stingcream/224136607426,바로 쫀득함이 이어지면서 씹을수록 달콤한 맛이 퍼져요. 한마디로 요약하면  바삭 고소한 콘푸라이트 얇게 잘게 썰어서 초코 찹쌀떡 감싼 맛이랄까요. 달지 않아서 괜찮았어요. #<b>두바이쫀득쿠키</b> 각 가게마다... ,세상의 모든 리뷰✍️모리,blog.naver.com/stingcream,20260106,두바이 쫀득쿠키
<b>두바이쫀득쿠키</b> 예약 / 편의점 <b>두바이쫀득쿠키</b> 비교,https://blog.naver.com/mimi__ming/224141635387,편의점 <b>두바이쫀득쿠키</b> 비교 중 cu두바이쫀득찹쌀떡이 제일 맛있어요 진짜 압승입니다!!!! 맛 : cu&gt; 이마트 &gt;세븐 &gt;gs25(?) cu가 압승이네요 GS는 안먹어봣지만 제일 맛없다는 후기가...,행복하고 여행하고 운동하고 예뻐지고♡,blog.naver.com/mimi__ming,20260110,두바이 쫀득쿠키
문정 <b>두바이쫀득쿠키</b> 살 수 있는 곳 (미뇽마니에르_내돈내산),https://blog.naver.com/sur1n/224141327729,#내돈내산 <b>두바이쫀득쿠키</b>가 뭐길래 / 두쫀쿠 온세상이 #<b>두바이쫀득쿠키</b> 로 난리입니다. 오늘... #문정동두쫀쿠 #문정동두바이쫀득 #문정미뇽마니에르 #미뇽마니에르두쫀쿠 #두쫀쿠맛집 #두쫀쿠파는곳... ,변 호 사 엄 마 의 퇴 근 후 기록,blog.naver.com/sur1n,20260110,두바이 쫀득쿠키
요즘 핫한 디저트 <b>두바이쫀득쿠키</b> 두바이초콜릿 솔직후기,https://blog.naver.com/mamstable/224139279154,#<b>두바이쫀득쿠키</b> #두바이초콜릿 #요즘핫한디저트 #디저트먹방 #먹방블로그 #솔직후기 #간식추천 #신상디저트 #달달한간식 #디저트리뷰 그렇게 유명하다던 두바이 초컬릿 안먹고 관심도 없었어요 2025년에도... ,"맛있는 여행 테이블, 지금 이 순간",blog.naver.com/mamstable,20260108,두바이 쫀득쿠키
롯데백화점 잠실점) <b>두바이쫀득쿠키</b>,https://blog.naver.com/aje0418/224130140873,#<b>두바이쫀득쿠키</b> #롯데백화점잠실점 #롯데백화점잠실 #<b>두바이쫀득쿠키</b>파는곳 #서울두비이쫀득쿠키 #<b>두바이쫀득쿠키</b>팝업 #잠실<b>두바이쫀득쿠키</b>팝업 #잠실<b>두바이쫀득쿠키</b> #잠실두바이팝업 지나가면서 한두번... ,책과 맛집 ♡,blog.naver.com/aje0418,20260101,두바이 쫀득쿠키
세븐일레븐 카다이프 쫀득볼 <b>두바이 쫀득쿠키</b> 리얼 후기... ,https://blog.naver.com/bbh4313/224133336022,GS와 CU에 이어서 <b>두바이 쫀득쿠키</b>가 세븐일레븐에서도 나왔습니다 생초콜릿 초코파이는 못구했지만... 그냥 <b>두바이 쫀득 쿠키</b>와 똑같은데 어떠한 이유에서인지 이름을 다르게 했어요 아마도 초콜릿을 못쓰게... ,Trend Setter : BaengE,blog.naver.com/bbh4313,20260104,두바이 쫀득쿠키
병점 두쫀쿠 카페 호호번 <b>두바이쫀득쿠키</b> 맛집,https://blog.naver.com/coup_de_chance/224137756615,더 쫀득바삭! <b>두바이쫀득쿠키</b> 보관법 1-2일은 냉장보관 장기보관은 냉동보관 나도 보관법 몰라서 어제 검색했더니 하루이틀은 냉장했다 먹어도 된대서 하나 남은거 냉장했다가 오늘 먹었다! 그리고 어제... ,쁘띠슈의 반짝반짝 빛나는,blog.naver.com/coup_de_chance,20260107,두바이 쫀득쿠키
광교갤러리아백화점 팝업스토어 세렝게티커피 <b>두바이쫀득쿠키</b>... ,https://blog.naver.com/maru0525/224141090549,그래서 쫀득쿠키구나~바로 느꼈네요. 티그레는 냉동에 넣었다 먹으면 더 맛있다고 했어요. #세렝게티커피#티그래#대기줄 #<b>두바이쫀득쿠키</b>#두바이초콜릿 #광갤#팝업 #세렝게티#속초#갤러리아백화점,우리문화,blog.naver.com/maru0525,20260110,두바이 쫀득쿠키
순천 <b>두바이쫀득쿠키</b> 두쫀쿠 비엔유 선물 받은 후기,https://blog.naver.com/lovellz6/224139779710,순천 <b>두바이쫀득쿠키</b> 두쫀쿠 비엔유 선물 받은 후기 요즘 정말 구하기 힘들다는 <b>두바이쫀득쿠키</b> 선물 받았어요!! 고니도 회사 근처에 웨이팅 하는곳에서 구매하려고 웨이팅하다가 포기했거든요.. 감사하게도... ,고니의 이야기,blog.naver.com/lovellz6,20260108,두바이 쫀득쿠키
진주 <b>두바이쫀득쿠키</b> | 진주 두쫀쿠 맛집 깅코이터리 후기,https://blog.naver.com/saedorri/224138702733,"깅코이터리 <b>두바이쫀득쿠키</b>는 카다이프가 실처럼 가득 들어가있는데 눅눅하지 않고 바삭 쫀득한 식감이 살아있었어요! 이게 두바이쿠키 특유의 매력인데, 깅코이터리는 카다이프 비율이 꽤 높은 편이라 씹는... ",@dori.zip,blog.naver.com/saedorri,20260108,두바이 쫀득쿠키
비서진 두쫀쿠 안유진 <b>두바이쫀득쿠키</b> 장원영 아이브 14회,https://blog.naver.com/lzheng/224140972247,&quot; 하며 쿠키를 건네는 모습이 보였어요. <b>두바이 쫀득 쿠키</b> 보러가기 요즘 가장 핫한 두바이 초콜릿의 바삭한 식감과 마시멜로의 쫀득함이 만나 입안 가득 다채로운 즐거움을 선사하는 디저트입니다.... ,스탠딩굿즈,blog.naver.com/lzheng,20260109,두바이 쫀득쿠키
"SNS 대란템 <b>두바이쫀득쿠키</b>, 두쫀쿠 출시!",https://blog.naver.com/coffeesapiens/224136963520,"[사전 예약 진행 매장] 문래ns타워점, 가산아스크타워점, 본점, 상암아이티타워점, 고덕휴네시온점, 여의도시그니티점 #<b>두바이쫀득쿠키</b> #두쫀쿠 #쫀득쿠키 #이벤트 #사전예약 #두켓팅 #두친자 #이웃 #서로이웃... ",커피사피엔스 공식 블로그 [COFFEE SAPIENS],blog.naver.com/coffeesapiens,20260106,두바이 쫀득쿠키
[분당 서현] 젬마카롱_<b>두바이쫀득쿠키</b>와 마카롱,https://blog.naver.com/lovelyminjoo/224141081492,쫀득쿠키 유행할 때 구입한 디저트. 맛있게 먹었지만 유행이지나 이제는 볼 수 없는 쫀득쿠키. 유행은... 있는 <b>두바이 쫀득쿠키</b>이다. 두 군데만 먹어봤지만 매장마다 당도가 다르다. 두바이쫀든쿠키의 바삭바삭한... ,행복한 고민쟁이。,blog.naver.com/lovelyminjoo,20260110,두바이 쫀득쿠키
광주 <b>두바이 쫀득쿠키</b> 숨겨진 맛집 뜨앙,https://blog.naver.com/saebin6/224141725262,"광주 <b>두바이 쫀득쿠키</b> 맛집, 뜨앙 왕 크니까 왕 맛있다 추운 겨울에 가장 핫한 <b>두바이 쫀득쿠키</b>. 요즘 유명한 가게들은 웨이팅이 심해 찾아가기 두려운데 아직 많이 알려지지 않은 광주 <b>두바이 쫀득쿠키</b> 맛집을... ",빈쯔데일리톡,blog.naver.com/saebin6,20260110,두바이 쫀득쿠키
동탄 꾸덕 <b>두바이쫀득쿠키</b> 주말 웨이팅후기,https://blog.naver.com/pureclick/224141720855,두바이 조각케잌. 글루텐 프리 조각케잌. 오레오말차조각케잌 등등 있었다. 나는 <b>두바이쫀득쿠키</b> 두개 에그타르트 두개 사서 포장해서 지인 딸. 조카에게 선물로 줬다 맛은 나도 모른다 ㅋㅋㅋㅋ 쫀득쿠키는... ,MADRIDISTA*,blog.naver.com/pureclick,20260110,두바이 쫀득쿠키
<b>두바이</b> 여행 기념품 리스트 <b>두바이</b> 픽스 <b>초콜릿</b> 사는법,https://blog.naver.com/healthya/224126188294,12월의 두바이는 초가을 날씨였어서 좀 추웠습니다. 이건 까르푸 매장 나와서 있는 피칸 초콜릿 샵이였는데요 시식으로 나눠줬는데 진짜 맛있더라구요 제가 여기와서 먹은 <b>두바이초콜릿</b>중에 젤 맛있었음..... ,ARY'sTORY,blog.naver.com/healthya,20251229,두바이 초콜릿
셋이 먹었는데 순위가 갈렸다 CU <b>두바이</b> 삼총사 + 픽스<b>초콜릿</b>,https://blog.naver.com/ssonggrami_road/224140481696,<b>두바이초콜릿</b>의 원조 픽스초콜릿 픽스초콜릿은 엄마가 두바이 여행 갔다가 사다 주신 거다. 비싼 초콜릿이라는 건 알고 있었지만 솔직히 그 정도인가 싶었다. 그런데 이렇게 비교해서 먹어보니 왜 원조가... ,"경주에서 시작하는 가족여행, 쏭그라미로드",blog.naver.com/ssonggrami_road,20260109,두바이 초콜릿
<b>초콜릿</b> 사러간 <b>두바이</b> 여행(25.08.28~09.01)_(1)1-2일차,https://blog.naver.com/astrallady/224132717025,"픽스 초콜릿에 미쳐가지고 초콜릿 사러 두바이 간 스톨2,,, 반년만에 써본다. 참고로 여행기 내내... <b>두바이 초콜릿</b> 원조인 픽스 초콜릿은 어플 1군데에서만 배달을 통해서 판다. 리얼 사기 주의,,,, 사람들이... ",Dolce far Niente,blog.naver.com/astrallady,20260103,두바이 초콜릿
수원 호매실 카페 추천｜<b>두바이초콜릿</b>와플 있는 와드커피,https://blog.naver.com/dlsdud9704/224138414536,"수원 호매실 카페 추천 <b>두바이초콜릿</b>와플 있는 와드커피 요즘 <b>두바이 초콜릿</b>, 두바이 쿠키 유행하면서 소위 말하는 두쫀쿠 대란 때문에 재료가 다 품절인 곳들 많잖아요 ㅠㅠ 저도 먹고 싶어도 못 먹은 적이... ",검색하다 지쳐서 만든 블로그,blog.naver.com/dlsdud9704,20260107,두바이 초콜릿
남양주 카페 <b>두바이 초콜릿</b> 쫀득쿠키 실내 애견동반카페,https://blog.naver.com/pcmm1/224129669990,남양주 카페 <b>두바이 초콜릿</b> 쫀득쿠키 실내 애견동반카페 요즘 MZ 세대들 사이에서 <b>두바이초콜릿</b>과 두바이쫀득쿠키가 그렇게 유행을 한다는데 아직 한 번도 먹어보지 못한 현둘맘 원체 초콜릿덕후라 그냥... ,사월&영웅이와 행복한 동행,blog.naver.com/pcmm1,20251231,두바이 초콜릿
"<b>두바이</b> 공항에서 사온 FIX <b>초콜릿</b> 피스타치오 맛, 왜 인기인지... ",https://blog.naver.com/juice_pang/224139086493,"요즘 유행하는 두쫀쿠 (<b>두바이 초콜릿</b> 쫀득쿠키) 아시죠? 두바이 fix 초콜릿이 유명해지면서, 그 특유의 식감을 쿠키 스타일로 변형한 간식으로 소개되더라고요. 그리고 드디어, 부모님이 두바이 공항에서 사... ",콩냥꽁냥 콩이네,blog.naver.com/juice_pang,20260108,두바이 초콜릿
여수 디저트 카페 <b>초콜릿</b> 모찌 아이스크림 <b>두바이</b> 여수,https://blog.naver.com/555__555/224062393714,먹어본건 <b>두바이 초콜릿</b> 모찌 개인적으로 좋았던건 하나씩도 구매가 가능하다는 점 솔직히 여러가지 하나씩 다 먹어보고 싶은데 세트로 구매해야하면 부담스럽거든요 두바이 여수는 하나씩 구매 가능했고... ,신짱의 트래블홀릭,blog.naver.com/555__555,20251102,두바이 초콜릿
농부들이 포도 대신 '이것'을 심는 이유! (ft. <b>두바이 초콜릿</b>),https://blog.naver.com/et_news/224129294924,최근 SNS를 뜨겁게 달궜던 '<b>두바이 초콜릿</b>' 기억하시나요? 바삭한 카다이프와 고소한 피스타치오... 두바이의 '픽스 디저트 쇼콜라티에'에서 시작된 초콜릿 열풍이 틱톡 등을 통해 전 세계로 퍼졌고... ,전자신문 공식 블로그,blog.naver.com/et_news,20260102,두바이 초콜릿
제주도 <b>두바이 초콜릿</b> 디저트 선물 제주 동문시장 맛집 찰리공장,https://blog.naver.com/jejuda-he/224098712212,생초콜릿과 제주 버터 샌드였고 그 옆으로는 <b>두바이 초콜릿</b>과 전자레인지에 3초 데워먹으면 더... 특히 대왕 두바이 쫀득 쿠키와 우도 땅콩 두바이 쫀득 쿠기도 비주얼도 크고 풍성해서 선물용으로도 인기 많을... ,알록달록 제주살이,blog.naver.com/jejuda-he,20251205,두바이 초콜릿
라스베가스 디저트 Sweet Sin <b>두바이 초콜릿</b> 딸기컵,https://blog.naver.com/c_wonny/224130678193,한동안 <b>두바이초콜릿</b>이 유행이더니 요즘 두쫀쿠? 두바이쫀득쿠키가 그렇게 핫한가봐요. 유행과는... 내부는 찰리와 초콜릿공장 같은 인테리어였는데 보는 재미가 있더라고요. 스윗신 라스베가스는... ,"긍정왕이 될거야, 오늘말고 내일 :)",blog.naver.com/c_wonny,20260101,두바이 초콜릿
<b>두바이초콜릿</b> 카다이프 오브세이 수제 맞춤형 추천,https://blog.naver.com/joohe2e2/224119909246,"제공받습니다” <b>두바이초콜릿</b> 카다이프 오브세이 수제 요즘 SNS에서 핫한 <b>두바이초콜릿</b>, 저도 궁금해서... 이게 들어가면 바삭한 식감이 더해져서, 부드러운 초콜릿과 대비되는 재미가 있어요. 냉동 배송으로... ",블리니의 오늘의 발견,blog.naver.com/joohe2e2,20251223,두바이 초콜릿
[식품리뷰]파티스위스 <b>두바이 초콜릿</b> + 빽다방 두바이 요거트... ,https://blog.naver.com/angaebi123/224139911225,나의 인생 3번째 두바이 제품이자 나의 인생 1번째 <b>두바이 초콜릿</b> 토스쇼핑에서 3000원 할인받아... 맛은 안 남) 카다이프 거의 없음 초코 무난(밀크초콜릿) 그냥 머 무난하다. 두조각씩 간간히 끄내먹으면... ,제니의 취미 보관함,blog.naver.com/angaebi123,20260109,두바이 초콜릿
부산 <b>두바이초콜릿</b> 맛집 부산대 달콤상점 웨이팅 두쫀쿠 후기,https://blog.naver.com/sidada_/224117056447,"저희가 작년 7월정도부터 <b>두바이초콜릿</b>이 맛있어 꾸준히 방문했던 부산대 '달콤상점' 두바이쫀득초콜릿, 일명 '두쫀쿠'가 막 유행이 시작됐을 당시에는 달콤상점에 줄이 아예 없어서 산책 가는 겸사 겸사... ",시다다냥,blog.naver.com/sidada_,20251221,두바이 초콜릿
"두바이 쇼핑리스트 기념품 | 오드두바이, <b>두바이초콜릿</b>... ",https://blog.naver.com/whatrlikes/224120192568,"<b>두바이 초콜릿</b> 아라비안 딜라이트 <b>두바이초콜릿</b> 두바이에서 Fix 초콜릿이 제일 유명하고 많이 구매하시는데, 픽스 초콜릿은 구매 방법이 복잡한 편이다(무슨 어플 통해 ㅂ배달로 주문해서 받아야 했던 것으로... ",른로그,blog.naver.com/whatrlikes,20251223,두바이 초콜릿
제주 공항근처 디저트 맛집 <b>두바이초콜릿</b> 모찌마루,https://blog.naver.com/carpediem1980/224084559817,두바이 초코 모.찌 같은 경우 <b>두바이 초콜릿</b> 카다이프 면 특유의 바삭함과 고소한 맛의 피스타치오가 조화롭게 어울려 환상적인 맛을 낸다. 비싸긴 해도 한번쯤 사 먹어볼만한 제주도 디저트가 아닌가 싶다.... ,부지런한 글쓰기,blog.naver.com/carpediem1980,20251124,두바이 초콜릿
픽스 <b>두바이 초콜릿</b> 피스타치오 네이버 직구 구매 후기,https://blog.naver.com/jmj0429/224117467413,두바이 쫀득 쿠키의 오리지널인 픽스 <b>두바이 초콜릿</b> Can't get Knafeh of it 후기 남겨봅니다! 1. 가격... 그리고 저는 다크초콜릿을 좋아하는데 원조 <b>두바이 초콜릿</b>은 밀크초콜릿 베이스라서...ㅠㅠ 눅진할 때... ,뚜밥의 일상기록장,blog.naver.com/jmj0429,20251221,두바이 초콜릿
너무 늦은 <b>두바이초콜릿</b> 만들기 초콜릿 템퍼링 방법 및 이유,https://blog.naver.com/melonheads/224011386485,감사합니다. #<b>두바이초콜릿</b> #카다이프면 #볶은카다이프 #<b>두바이초콜릿</b>필링 #<b>두바이초콜릿</b>가나슈 #<b>두바이초콜릿</b>만드는법 #초콜릿템퍼링 #템퍼링하는법 #템퍼링이유 #두바이초코렛,키위새의 달콤한 이야기,blog.naver.com/melonheads,20250917,두바이 초콜릿
Armaf Odyssey 알마프 오디세이 <b>두바이 초콜릿</b> 오드퍼퓸... ,https://blog.naver.com/thelittlewitch/224140545408,시간이 좀 지난 후에 다시 맡아보니 뭔가 비슷한것 같기는 했지만 여전히 초콜릿 향은 잘 모르겠네요. 따지자면 <b>두바이 초콜릿</b> 보다는 두쫀쿠 향이라고 하는게 더 맞지 않을까 싶은게 두쫀쿠는 초코 향... ,Hoopla,blog.naver.com/thelittlewitch,20260109,두바이 초콜릿
제주동문시장맛집 기념품간식 <b>두바이초콜릿</b> 찰리공장,https://blog.naver.com/8574rlf/223999924680,"<b>두바이초콜릿</b> 4구에 생초콜릿1, 버터샌드1, 쿠키1 총 7구가 들어가는 구성이랍니다! 맛있게 먹는 법도 쓰여있어서 최고의 맛으로 즐길 수 있구요~! 직접 먹어봤는데요^^ 초콜릿 전문점 답게 생초콜릿은 진하고... ",giljoy's journey,blog.naver.com/8574rlf,20250908,두바이 초콜릿
부산 <b>두바이</b> 쫀득쿠키 맛집 언네임드 커피 (전포동 <b>초콜릿</b> 카페),https://blog.naver.com/ganzzajang/224113100994,요즘 SNS에서 정말 핫한 <b>두바이</b> 쫀득쿠키가 난리던데요. 맛있게 잘하는 곳은 줄도 서고 난리더라고요. 저희 식구들이 좋아하는 전포동 <b>초콜릿</b> 카페 언네임드 커피에서도 발매한다는 인별 피드를 보자마자... ,독고다이 (재미있는 이야기들),blog.naver.com/ganzzajang,20251220,두바이 초콜릿
두바이 모찌 추천 쿠캣 두바이 쫀득모찌 <b>두바이초콜릿</b> 신상... ,https://blog.naver.com/nowwegom/224103406058,누구에게 줘도 좋아할 만한 선물이기 때문이다. 역시 쿠캣이 디저트도 잘 만든다는 건 인정해야겠다. 조만간 다른 찹쌀떡도 주문해서 또 먹어볼 생각이다. #쿠캣 #두바이모찌 #<b>두바이초콜릿</b> #찹쌀떡,먹기 위해 사는 위장 환자,blog.naver.com/nowwegom,20251209,두바이 초콜릿
"평택역카페 위켄더스커피 평택, 수제크림쑥라떼, <b>두바이초콜릿</b>... ",https://blog.naver.com/winephk/224117421238,요즘 인기 많은 <b>두바이 초콜릿</b> 쿠키도 눈에 띄었고 대표 디저트로는 티슈식빵이 준비되어 있었는데... 아내랑 저도 다음에는 입맛에 맞는 커피원두도 찾고 <b>두바이초콜릿</b>쿠키랑 함께 먹으러 출동할 예정이에요.,박쿤의 라이프로그,blog.naver.com/winephk,20251221,두바이 초콜릿
CU 편의점 디저트 두바이 쫀득 찹쌀떡 <b>두바이초콜릿</b> 후기,https://blog.naver.com/alswl0224/224043822973,CU 편의점 디저트 두바이 쫀득 찹쌀떡 <b>두바이초콜릿</b> 후기 요즘 편의점 신상은 전부 말차만 나오는 줄 알았더니 작년에 유행했던 <b>두바이초콜릿</b>이 죽지도 않고 돌아왔더라고요. 심지어 포켓 CU 재고조회 검색... ,망디의먹로그,blog.naver.com/alswl0224,20251017,두바이 초콜릿
캐나다도 두쫀쿠 열풍... 미국 스타벅스 <b>두바이 초콜릿</b> 마차 음료,https://blog.naver.com/suzie38317/224141415366,내자리 모니터 앞에서 찍은고 ▼ @ 스타벅스 <b>두바이 초콜릿</b> 마차 + 한국서 가져온 두바이 쫀득 쿠키 + 치즈 데니쉬 1/6일! 북미 스타벅스에서도 두바이 쫀득 쿠키 열풍 소식을 들었는가! <b>두바이 초콜릿</b> 마차... ,Mrs.Moon House,blog.naver.com/suzie38317,20260110,두바이 초콜릿
<b>두바이초콜릿</b> 원조 픽스초콜릿 내돈내산 이제야 먹어본 후기,https://blog.naver.com/bandut_/224070231289,"요즘 두바이 쫀득쿠키가 유행타면서 다시금 수면위로 올라온 <b>두바이초콜릿</b>,,, 한창 유행할 때도 열심히 당근에서 원조격이라고 할 수있는 픽스초콜릿을 구해봤지만 수요 &gt;&gt;&gt; 공급이라 못구하다가 49,000원에... ",정반듯세상,blog.naver.com/bandut_,20251109,두바이 초콜릿
CU 편의점 디저트 <b>두바이초콜릿</b> 카다이프초코 쫀득찹쌀떡 맛나,https://blog.naver.com/prban1/224073134987,초콜릿이 많이 들어있지는 않지만 제법 들어있고 찹쌀떡과 속에 들어있는 카다이프 열량과 합쳐지니... #편의점디저트 #카다이프초코쫀득찹쌀떡 #<b>두바이초콜릿</b> #찹쌀떡 #CU편의점두바이 #CU두바이 #CU신상... ,해우니의 요리 이야기,blog.naver.com/prban1,20251112,두바이 초콜릿
오리지널 <b>두바이 초콜릿</b> 'FIX 초콜릿' 내돈내산 후기... ,https://blog.naver.com/fami323/224133979196,요즘 또다시 유행하고 있는 두바이 오리지널~~ FIX 초콜릿 후기입니다. 사실 두바이에 직접 가서 사오는... 비닐을 까면 짜라란 이렇게 그 유명한 <b>두바이 초콜릿</b>이 나오게 됩니다. 위에서도 말씀드린것처럼... ,나의 비행기,blog.naver.com/fami323,20260104,두바이 초콜릿
<b>두바이 초콜릿</b> 현지 방식 빠작한 카다이프 오브세이,https://blog.naver.com/sapphirejjun/224137740545,"사실 <b>두바이 초콜릿</b> 자체가 나온 지는 조금 되었는데, 이제 두바이 쫀득 쿠키라는 것이 재붐이 되니... 임신 중이었던 기업가분이 흔한 초콜릿이 아닌 새로운 식감과 맛을 찾다가 중동의 전통 디저트 재료들과... ",JOB스러운 쿄쿄BLOG,blog.naver.com/sapphirejjun,20260107,두바이 초콜릿
"<b>두바이</b> 공항 픽스(FIX) <b>초콜릿</b> 구매 꿀팁 | 3터미널 B, C 탑승동... ",https://blog.naver.com/sjjy77/224122962481,눌러주실 거죠? ❤️ #두바이공항 #두바이공항쇼핑 #픽스초콜릿 #<b>두바이초콜릿</b> #FIXchocolate #두바이공항픽스위치 #두바이픽스파는곳 #<b>두바이초콜릿</b>가격 #두바이공항터미널3 #두바이선물 #만날왓니 #두바이여행,만날왓니/วันนี้,blog.naver.com/sjjy77,20251226,두바이 초콜릿
방문한 찰리공장 제주동문시장본점 <b>두바이초콜릿</b> 피스타치오 후기,https://blog.naver.com/ming__zzy/224124417972,피스타치오는 <b>두바이초콜릿</b> 그 자체라 두바이에 빠져있는 저한텐 최애 !! 달달한 밀크초콜릿 사이에 바삭바삭한 카다이프가 꾹꾹 눌러담겨있어 진짜 맛있어요 !! 왜 이거만 사온거야 !! 나 후회해 저는... ,여행을 좋아하는 릴라의 VLOG,blog.naver.com/ming__zzy,20251227,두바이 초콜릿
퀑카네 <b>초콜릿</b> <b>두바이</b> 쫀득쿠키 택배 가격 두쫀쿠 맛집 보관방법,https://blog.naver.com/ninamath/224133753581,"퀑카네 초콜릿 패키지 두바이 쫀득쿠키 택배로 시켰더니 예쁜 팜플렛도 같이 왔어요. 쫀득볼, 쫀득쿠키, <b>두바이 초콜릿</b> 등 카다이프를 사용하는 디저트를 다양하게 팔고있더라구요 ㅎㅎ 연말이라 귀여운... ",어푸어푸 맛집 여행,blog.naver.com/ninamath,20260104,두바이 초콜릿
<b>두바이 초콜릿</b> CU 편의점 신상 카다이프 쫀득 찹쌀떡,https://blog.naver.com/shushu219321/224065946879,"카다이프 쫀득 찹쌀떡은 CU에서 나온 두 번째 두바이 디저트 시리즈인데, 매일 오전 11시 한정 수량... 초콜릿으로 코팅해 달달한 맛이 더해져 누구나 좋아할 맛입니다. <b>두바이 초콜릿</b>도 피스타치오와 카다이프가... ",슈슈냥의 한그릇 뚝딱!,blog.naver.com/shushu219321,20251105,두바이 초콜릿
"<b>두바이 초콜릿</b>, AMA 초콜릿... 로쿤커피) 두바이 쫀득쿠키",https://blog.naver.com/sssel/224117565906,"제주에서 만나는 <b>두바이 초콜릿</b>, AMA 초콜릿 전문점 솔직 후기 제주 두바이 초콜렛, 제주 두바이 쫀득쿠키 글 사진 제주 살색 안녕하세요. 맛집과 공간, 그리고 특별한 경험을 기록하는 제주 블로거... ",제주 살색,blog.naver.com/sssel,20251221,두바이 초콜릿
<b>두바이초콜릿</b> 끝판왕 '3층 다락빵' 본점 웨이팅 &amp; 쫀득쿠키... ,https://blog.naver.com/choah0501/224121328998,"필수!) #3층다락빵 #범계맛집 #안양맛집 #<b>두바이초콜릿</b> #두바이쫀득볼 #쫀득쿠키 #디저트추천 #빵지순례 #내돈내산 #잠실팝업 #웨이팅맛집 맞아요, 사실 저도 처음엔 &quot;그냥 초콜릿에 국수(?) 넣은 거 아니야?... ",아멜리에 글방,blog.naver.com/choah0501,20251224,두바이 초콜릿
광명역 <b>두바이 초콜릿</b> 맛집 에르비떼 맛있는 <b>두바이 초콜릿</b> 후기,https://blog.naver.com/oyssoa/224133018327,"<b>두바이 초콜릿</b> 맛집 이렇게 광명역 <b>두바이 초콜릿</b> 맛집의 초콜릿을 먹은 후기를 써봤는데요. 일단 맛있어요. 겉이랑 속, 모두 맛있어서 저는 만족감이 꽤 높았고요. 가격이 저렴하다고 할 수는 없지만, 크기랑... ",지금은 걸어가는 중,blog.naver.com/oyssoa,20260103,두바이 초콜릿
세종 <b>두바이</b>디저트 쿠키 쫀든쿠키 <b>초콜릿</b> 세종카페 쿠키부 추천,https://blog.naver.com/cocostory21/224076665958,"그래서 한참 유행했던 <b>두바이 초콜릿</b>을 정말 좋아했어요. 이제는 <b>두바이 초콜릿</b>뿐만 아니라... 저는 두바이 4종 세트 두바이소금빵, 두바이쫀득쿠키(발로나), 두바이쫀득쿠키(코팅), 두바이쫀득초콜릿, 이렇게... ",코코달빛맘의 육아공간,blog.naver.com/cocostory21,20251115,두바이 초콜릿
CU <b>두바이 초콜릿</b>/ 유라가 카다이프 초코 쫀득 찹쌀떡,https://blog.naver.com/thenoonmi/224055348130,<b>두바이초콜릿</b> 그놈에 두바이... 언제적이냐~~ 하겠지만 약간 사그라들?시점에 CU에서 야심차게 출시한 카다이프초코 쫀득찹쌀떡 두바이 스타일  이름부터 굉장히 길다. 인스타에서 계속 신상출시했다고 뜨길래... ,The noon mi,blog.naver.com/thenoonmi,20251027,두바이 초콜릿
"평택 PPO카페 카페블랑 방문기, <b>두바이초콜릿</b>부터 가성비... ",https://blog.naver.com/winephk/224121563815,요즘 화제의 <b>두바이초콜릿</b>을 시작으로 <b>두바이초콜릿</b>쿠키 그리고 각종 케이크 초콜릿 디저트까지 선택지가 풍부했어요. 아내는 어떤 메뉴를 고를까 고민하다가 올리브 치아바타 루꼴라 샌드위치 세트를... ,박쿤의 라이프로그,blog.naver.com/winephk,20251224,두바이 초콜릿
코스트코 <b>두바이초콜릿</b> 후기,https://blog.naver.com/saerom_b/224075562822,"일산점 <b>두바이초콜릿</b>크림 위치는 지하2층!!!!!!에 있슴 지하1층갔다가 다시 지하2층 내려온 1인 여러분은 한번에 찾으십셔 ㅠㅠ 암튼 찾자마자 바로 피스타치오크림 반, 초콜릿크림 반 반반 섞여있는 잼이다... ",새로미 일상,blog.naver.com/saerom_b,20251114,두바이 초콜릿
구서동 맛집 부산 <b>두바이 초콜릿</b> 크로와상 맛집 르팡드윤ㅣ막창... ,https://blog.naver.com/suna8575/224103573877,바로 <b>두바이 초콜릿</b> 크로와상이 있다길래 !!!!!!!!!! 두바이 쫀득쿠키에 빠져 있어서 두바이 시리즈인 크로와상 버전도 있다길래 달려감 ㅎ 구서동 맛집 르팡드윤은 빵만 파는 게 아니라 베이커리 카페 형식으로... ,정신없이 먹긴 했다..,blog.naver.com/suna8575,20251209,두바이 초콜릿
"두쫀쿠맵, <b>두바이 초콜릿</b> 파는 곳 전국 지도 실시간재고 총정리... ",https://blog.naver.com/tty21/224140476616,"전국 두바이 쫀득쿠키 파는 곳과 재고를 한눈에 보여주는 '두쫀쿠맵' 아직도 발로 뛰며 재고 찾으시나요? 이제 손가락 하나로 끝내는 방법을 알려드립니다. 여러분의 시간을 아껴드릴게요. <b>두바이 초콜릿</b>, 왜... ",폴인리빙,blog.naver.com/tty21,20260109,두바이 초콜릿
<b>두바이 초콜릿</b> st 크레이프 만들기,https://blog.naver.com/melonheads/224017566722,"@키위새 베이킹로그 <b>두바이 초콜릿</b> 스타일 크레이프 Dubai Chocolate st. Crepe 얇고 얇은 크레이프. 안에... 카다이프와 피스타치오, 초콜릿 궁합은 너무나도 맛있다. 두바이식 (중동) 필링이 너무 입맛에 잘맞아서... ",키위새의 달콤한 이야기,blog.naver.com/melonheads,20250922,두바이 초콜릿
Fix 픽스 <b>두바이 초콜릿</b> 후기,https://blog.naver.com/pur2mint/224047518369,"다음엔 꼭 직접 두바이에 가서 현지에서 픽스 <b>두바이 초콜릿</b>을 맛보고 싶을 정도예요. 탐라의 다크 초콜릿 대추야자&amp;피넛 동글동글한 초콜릿들이 가지런히 들어 있는데, 향부터가 다릅니다. 대추야자 특유의... ",퓨어민트의 더 넓은 세상,blog.naver.com/pur2mint,20251020,두바이 초콜릿
인천 서구에 <b>두바이초콜릿</b> 쌀케이크 발견 : 디저트카페 쑥달,https://blog.naver.com/lee03271111/224136920316,살찌는 소리가 들리지만 당충전 정말 제대로하고 집에가서 아주 신이난답니다 ㅋㅋㅋㅋ!!! 이제 두바이쫀득쿠키 말고 <b>두바이 초콜릿</b> 쌀케이크 한번 도전해보세요!! 완전 강추강추,"날덕이날다:맛집러버,일상시트콤",blog.naver.com/lee03271111,20260106,두바이 초콜릿
일본 린트 초콜릿 26 시즌 TOP5 신상 린트 <b>두바이 초콜릿</b>... ,https://blog.naver.com/bbh4313/224125797616,이번에 오사카 여행에서 만난 린트 초콜릿 매장은 개인적으론 좀 충격적이었어요 왜냐하면 한정판... 린트 <b>두바이초콜릿</b>이 있더라구요 이거 하나 사올걸 ㅠㅠ 왜 사진만 찍어뒀을까요 피스타치오와... ,Trend Setter : BaengE,blog.naver.com/bbh4313,20251228,두바이 초콜릿
양재 디저트 맛집 리플렉트커피 로스팅 랩 <b>두바이초콜릿</b>... ,https://blog.naver.com/28blue_sky/224087939779,치즈케이크와 라떼가 참 잘 어울린다 생각했는데 최근에는 기준이 조금 바뀌어서 크럼블 내지는 <b>두바이초콜릿</b> 크럼블에 핸드드립이 좋은 것 같습니다. 초콜릿이 부드럽게 혀와 입 안에 퍼지면서 핸드드립 커피... ,이매력 월드,blog.naver.com/28blue_sky,20251125,두바이 초콜릿
[도쿄 여행] 일본에서 만나는 <b>두바이 초콜릿</b>? 도쿄에서 맛볼수... ,https://blog.naver.com/mitsharu/224128945352,"gl/86gD5Dd8K12QU36o7 이 카페에서는 두바이 휘낭시에를 만나볼수 있는데 초코 피낭시에 사이에 피스타치오 페이스트와 카다이프를 샌드하고, 겉면을 다시 초콜릿으로 코팅한 디저트로, <b>두바이 초콜릿</b>... ",재팬네모로그,blog.naver.com/mitsharu,20251231,두바이 초콜릿
코스트코 신상 Nussop <b>두바이 초콜릿</b> 크림 두바이 초코잼 후기,https://blog.naver.com/ejwksh8798/224081565200,코스트코 신상 Nussop <b>두바이 초콜릿</b> 크림 코스트코 두바이 초코잼 요즘 너무너무 핫해서 개수제한까지 걸려버린 코스트코 핫템 소개해드려요. 우리나라 두바이에 너무 진심인것같네요.ㅎㅎ 코스트코에서 아주... ,잘 먹고 싶은 쏘블리ᰔᩚ,blog.naver.com/ejwksh8798,20251119,두바이 초콜릿
메고지고 <b>두바이</b> 쫀득 쿠기 <b>초콜릿</b> 찹쌀떡 피스타치오 카다이프... ,https://blog.naver.com/dysnomia/224133371928,"최근 디저트 시장에서 가장 뜨거운 관심을 받고 있는 <b>두바이 초콜릿</b>의 핵심 요소를 그대로 품은 채, 한국적인 쫀득함을 더한 메고지고의 두바이 쫀득 초콜릿 찹쌀떡에 대해 자세히 살펴보겠습니다. 전통과... ",EMTI,blog.naver.com/dysnomia,20260104,두바이 초콜릿
"양재역 조용한 카페, 스페셜티커피와 <b>두바이초콜릿</b> 디저트의 조합",https://blog.naver.com/yoorikong/224070839019,"양재역 조용한 카페, 스페셜티커피와 <b>두바이초콜릿</b> 디저트의 조합 맛있는 스페셜티커피를 마실 수 있는 조용한 카페를 찾다가 알게된 양재역 카페. 최근 붐이 일었던 <b>두바이초콜릿</b> 디저트까지 있어 괜찮았던... ","한입한컷, 원스어게인",blog.naver.com/yoorikong,20251110,두바이 초콜릿
코스트코 <b>두바이초콜릿</b>크림 핑거푸드 까나페 치즈 카나페 만들기,https://blog.naver.com/wtiger5v/224084739578,수제 초콜릿으로 보면 됩니다. 시중에 다양한 상품들이 판매되고 있는데요. 신상으로 인기 많은 코스트코 <b>두바이초콜릿</b>크림으로 치즈 카나페 만들기 간단하게 해봤어요. 헤이즐넛 크림에 피스타치오가 들어가... ,백호v 푸드스토리,blog.naver.com/wtiger5v,20251122,두바이 초콜릿
"[제주/애월]아마AMA_고퀄리티의 <b>두바이초콜릿</b>,두바이쫀득쿠키... ",https://blog.naver.com/dlfkd4556/224121375400,"제주 아마 AMA <b>두바이초콜릿</b>의 고급화 영업시간 10:00 - 19:00 064-803-2077 *두바이쫀득쿠키는 2시부터 판매... <b>두바이초콜릿</b> 2개 set ₩59,000 + 보냉포장 ₩1,000 초콜릿은 전체적으로 두툼한 편이다. 우리가 선택한... ",RangRang.,blog.naver.com/dlfkd4556,20251224,두바이 초콜릿
CU편의점 <b>두바이초콜릿</b> '카다이프 초코쫀득 찹쌀떡' 후기,https://blog.naver.com/godoli1220/224064774679,드디어 제가 <b>두바이</b> 쫀득 찹쌀떡을 샀습니다!!!! 소리질러!!!!! 하나 들어온거 후딱 들고갔어요 ㅋㅋㅋㅋ... 찹쌀떡은 쫀득하고 카다이프면이 바삭바삭 식감이 진짜 좋아요 그리고 무엇보다 <b>초콜릿</b>이 맛있어요... ,요니의 블로그,blog.naver.com/godoli1220,20251104,두바이 초콜릿
두쫀쿠 택배 맛집 몬트쿠키 두바이쫀득쿠키 원조 <b>두바이 초콜릿</b>... ,https://blog.naver.com/aliceblogdiary/224125818208,"피스타치오와 카다이프, 탈지분유와 초콜릿, 코코아파우더가 들어있다. 개별포장 그대로 냉장고에... <b>두바이초콜릿</b> 두바이쫀득쿠키 혹은 두바이쫀득볼 ?!! 부르는 이름은 다양한데 두바이쫀득볼이 더... ",Alice Blog Diary,blog.naver.com/aliceblogdiary,20251228,두바이 초콜릿
고양 스타필드 <b>두바이 초콜릿</b> 모찌 붕어빵 팝업 보따리제과점,https://blog.naver.com/rladudrhkd31/224118829253,따뜻한 두바이도 맛있습니다!! 쫀득 쿠키과 비교하기는 어렵지만 또 이것만의 매력이 있는듯 <b>두바이 초콜릿</b> + 쫀득 식감 좋아하시면 한번 드셔보세용 근데 허연 색깔 때문인지 기분탓인지 묘하게 덜익은 느낌이... ,@ 방울방울 @,blog.naver.com/rladudrhkd31,20251222,두바이 초콜릿
답례품 추천 소규모로 챙기기 좋은 <b>두바이초콜릿</b> KIMBORAM,https://blog.naver.com/jej3480/224013394333,적절한 <b>두바이초콜릿</b> 김보람초콜릿  오늘은 소규모에 챙길만한 답례품으로 <b>두바이초콜릿</b> 후기를... 다크초콜렛 두바이로 추천드리고 싶었어요 그동안 심히 받았던 스트레스까지 날려버리면서 센스 넘치는... ,일기쓰듯,blog.naver.com/jej3480,20250918,두바이 초콜릿
공릉역 니토 디저트: <b>두바이 초콜릿</b> 맛집 탐방!,https://blog.naver.com/nyxis/224115062351,"대표적으로 두바이 쫀득쿠키와 <b>두바이 초콜릿</b> 쿠키가 있으며, 스모어, 오레오, 로투스 등 다양한 쿠키도 함께 만나볼 수 있습니다. 한 입에 강렬한 임팩트를 원한다면 초콜릿 쿠키를, 식감과 데일리 간식 느낌을... ",3H이천센터,blog.naver.com/nyxis,20251219,두바이 초콜릿
"<b>두바이 초콜릿</b>, 쫀득쿠키 맛집 응암 모드 카페",https://blog.naver.com/nolanglove/224072562796,오랜만에 초콜릿과 아메리카노를 같이 먹는 거라서 좀 기대도 되더라구용 우선 이거는 두바이... 같습니당 <b>두바이 초콜릿</b>도 그 자리에서 바로 먹어줬느데 이것도 겉에 초고가 얇고 안에 카다이프는 가득 들어가... ,흰둥이의 Cheer Up 데이,blog.naver.com/nolanglove,20251112,두바이 초콜릿
오엠엠 쿠키 호두파이 <b>두바이초콜릿</b> 두쫀쿠 맛있는 디저트 가게,https://blog.naver.com/chocobbana/224133783971,붙어있는 <b>두바이</b> 쫀득쿠키를 보고 홀린듯이 들어갈수밖에 없었다 ㄷㄷㄷ 크리스마스 시즌이라서... 좋았다 <b>두바이</b> 종류는 다들 정말 중독성있는 디저트다 ㄷㄷㄷ 당떨어질때 또 사먹으러 가야겠다 #초코빠나... ,초코빠나 해피 블로그,blog.naver.com/chocobbana,20260104,두바이 초콜릿
"수제 초콜릿 추천, 김보람 <b>두바이 초콜릿</b>",https://blog.naver.com/sksms404/223994968133,"순수 100% 카카오 버터 등 진짜 초콜렛 원재료만 사용하는 찐 초콜릿 맛집인걸 알아서, <b>두바이 초콜릿</b>도... 김보람 <b>두바이 초콜릿</b>! 나는 주변 카페에서 두바이 초콜렛을 찾아보기가 어려워져, 냉장고에 쟁여두며... ",지은이가지은블로그,blog.naver.com/sksms404,20250904,두바이 초콜릿
"SNS대란템 <b>두바이</b> 쫀득쿠키, '퀑카네 <b>초콜릿</b> <b>두바이</b>쫀득볼' 후기",https://blog.naver.com/rodoso/224139589303,"SNS대란템으로 새해 선물, 발렌타인 선물로도 좋은 퀑카네 초콜릿 두바이 쫀들볼 후기 남기기 박스에 꼼꼼하게 포장되어 배송된 퀑카네 초콜릿, 두바이 쫀득 볼! <b>두바이 초콜릿</b>으로 유명한 네이버 스토어... ",로쏘월드,blog.naver.com/rodoso,20260108,두바이 초콜릿
"커피 &amp; 쿠쥬라이크 두바이쫀득쿠키, <b>두바이 초콜릿</b> 휘낭시에",https://blog.naver.com/violetiful/224128004803,"요즘 핫한 두바이쫀득쿠키 부터 <b>두바이 초콜릿</b> 휘낭시에 <b>두바이 초콜릿</b> 쿠키 두바이 초코릿까지!... 휘낭시에에 초콜릿의 달콤함, 피스타치오 &amp; 카다이프의 바삭한 식감까지 더해져서 만족스러웠다 :) 조합이... ",바이올렛 월드,blog.naver.com/violetiful,20251231,두바이 초콜릿
치즈케이크 시즌한정 <b>두바이 초콜릿</b> 메리 치플레 홀케이크,https://blog.naver.com/nadonjula/224115985643,"제품 ✔︎ 두바이 메리 치플레 48,000원 (Dubai merry cheffle) 타르트 위에 초콜릿 바스크 치즈와 수플레 치즈 그리고 <b>두바이 초콜릿</b>을 올리고 생딸기로 마무리한 스페셜 시즌 한정 스페셜 제품 (하루 30개 한정 판매)... ",보송보송,blog.naver.com/nadonjula,20251219,두바이 초콜릿
강민경 장원영 <b>두바이 초콜릿</b> 린트 피스타치오,https://blog.naver.com/rkarbfl/223994678418,열풍 <b>두바이 초콜릿</b>의 정체와 탄생 배경 아랍에미리트 두바이의 '픽스 디저트 쇼콜라티에(Fix Dessert... 특히 자를 때 코팅된 얇은 초콜릿이 마치 아크릴판 깨지는 것처럼 바사삭하는 소리와 함께 초록색... ,Dyana's English,blog.naver.com/rkarbfl,20250904,두바이 초콜릿
분당 두바이쫀득쿠키 맛집... 두쫀쿠 <b>두바이초콜릿</b> 온갖 메뉴... ,https://blog.naver.com/goldendaebak/224132146156,"두바이쫀득볼 부터 두바이쫀득쿠키, 두바이벽돌케이크 두바이쫀득빵, 두바이초콜렛쿠키, <b>두바이초콜릿</b>에 두바이소금빵, 두바이까눌레까지 두바이 메뉴 총집합인거 있죠!! 분당 두바이쫀득쿠키 맛집... ",오늘도 대박나개,blog.naver.com/goldendaebak,20260103,두바이 초콜릿
쫀득볼 맛집으로 유명한 퀑카네<b>초콜릿</b> <b>두바이</b>쫀득쿠키 후기,https://blog.naver.com/bambi_girl/224114784463,#쫀득볼 #디저트추천 #두바이쫀득쿠키 #디저트종류 #두바이쫀득볼 #초콜릿선물 #퀑카네디저트 #<b>두바이초콜릿</b> #수제디저트 #디저트선물 #두바이쫀득모찌 #퀑카네초콜릿,밤비걸의 사는 이야기,blog.naver.com/bambi_girl,20251218,두바이 초콜릿
리얼 카다이프&amp;피스타치오크림 <b>두바이 초콜릿</b>,https://blog.naver.com/gringocerote/224096539022,"https://naver.me/GBvoFxO3 &quot;이 포스팅은 네이버 쇼핑 커넥트 활동의 일환으로, 판매 발생 시 수수료를 제공받습니다.&quot; #<b>두바이초콜릿</b> #DubaiPistachio #피스타치오초콜릿 #카다이프",잘 사고 잘 먹고 잘 다니고,blog.naver.com/gringocerote,20251203,두바이 초콜릿
"Chokunafa, Lindt <b>두바이초콜릿</b> 후기",https://blog.naver.com/vmflxl7335/224063363450,안녕하세용 오늘은 <b>두바이초콜릿</b> 두가지 후기입니다! 최근 호적메이트가 한국에 들어오면서... 픽스껄 안먹어봐서 제대로 비교할 수는 없지만 편의점에서 팔았던 두바이st 초콜릿을 생각하면 진짜... ,today ✨,blog.naver.com/vmflxl7335,20251103,두바이 초콜릿
남양주카페 <b>두바이초콜릿</b> 맛집 ‘두바이카페’ 미친 뷰,https://blog.naver.com/vacantroad/224065828338,"요즘 SNS에서 난리난 '<b>두바이 초콜릿</b>' 모르는 사람 없으시죠? 그저 달콤한 초콜릿이 아니라, 견과류와... 초콜릿과 함께 두바이 카페의 시그니처 음료를 주문했습니다. 바로 ‘두바이크림라떼’ 입니다. 영롱한... ",삼삼한선택,blog.naver.com/vacantroad,20251105,두바이 초콜릿
<b>두바이초콜릿</b> 사이공 초콜릿 카카올라 피스타치오 코코넛 커피,https://blog.naver.com/jar666666/224014236263,두바이에서 사이공까지 세계 여행 초콜릿 시리즈. 위스키 안주로도 좋은 카카올라 사이공 <b>두바이 초콜릿</b> 카카올라는 자체 공장을 두어 높은 품질의 프리미엄급 수제 초콜렛을 생산하는 브랜드입니다. 개봉 후... ,랄랄라 아랄랄라의 신나는 블로그,blog.naver.com/jar666666,20250919,두바이 초콜릿
두친자들 모여라!! 멜버른 <b>두바이 초콜릿</b> 맛집 가이드,https://blog.naver.com/tourismvic/224112926897,피스타치오·카다이프·초콜릿 조합의 두바이식 디저트를 즐길 수 있는 곳들이 늘고 있어요 오늘은 멜버른에서 즐길 수 있는 다양한 <b>두바이 초콜릿</b> 디저트 맛집들을 소개할게요- Kaneffi... ,Melbourne Holic - 호주빅토리아주관광청,blog.naver.com/tourismvic,20251217,두바이 초콜릿
수제 <b>두바이</b>초콜렛｜센스있는 디저트 답례품 김보람<b>초콜릿</b> 추천,https://blog.naver.com/sssseul88/223980181241,센스있는 디저트 답례품 추천 김보람 수제 <b>두바이초콜릿</b> 안녕하세요 프리실라입니다. 제가 단건 별로... 김보람초콜릿에서 두바이초콜렛이 나왔어요. 마니아인 제가 안먹어볼 수가 없어 얼마나 맛있는지... ,늘보하우스,blog.naver.com/sssseul88,20250826,두바이 초콜릿
극찬한 <b>두바이초콜릿</b>을... 에그타르트 두바이쫀득쿠키 경희대... ,https://blog.naver.com/yeobyeobyeoby/224112129145,"메뉴 <b>두바이초콜릿</b>, 두바이초코, 두쫀쿠 특히 <b>두바이초콜릿</b>의 경우, 유투버 띠미가 극찬한 디저트이다. 4. 공간 신세계 백화점 강남에서 팝업스토어 경험도 있는 찐 디저트 맛집 곧 올 크리스마스 감성이... ",여비,blog.naver.com/yeobyeobyeoby,20251216,두바이 초콜릿
핫한 CU <b>두바이 초콜릿</b> 카다이프 쫀득 브라우니 마카롱 가격 맛... ,https://blog.naver.com/zhuxi-/224087489629,"디저트 매니아로서 요즘 핫한 <b>두바이 초콜릿</b>을 놓칠 수 없었다 퇴근하자마자 집근처 CU편의점을... 0~10 도 사이에 보관해야한다 원재료에 준초콜릿, 전란액, 마가린, 가공유지 등 어디선가 들어본 이름들이... ",뿌시의 소확행,blog.naver.com/zhuxi-,20251125,두바이 초콜릿
요즘 핫한 디저트 두바이쫀득쿠키 <b>두바이초콜릿</b> 솔직후기,https://blog.naver.com/mamstable/224139279154,리얼 초콜릿… 비싸다던데… 지인분께 감사 ㅎㅎ #두바이쫀득쿠키 #<b>두바이초콜릿</b> #요즘핫한디저트 #디저트먹방 #먹방블로그 #솔직후기 #간식추천 #신상디저트 #달달한간식 #디저트리뷰 먹어본 솔직후기는... ,"맛있는 여행 테이블, 지금 이 순간",blog.naver.com/mamstable,20260108,두바이 초콜릿
두바이와플 미쳤어요 <b>두바이 초콜릿</b> 와플 [왓플 성신여대점],https://blog.naver.com/dpfls080/224133643225,여긴 두바이와플 종류만 여러개있다 원조의 품격.. 알고보니 더현대 팝업도 했었다구 ㄷㄷ <b>두바이 초콜릿</b> 와플 피넛 카다이프 초코 와플 말차 초콜릿 카다이프 와플 초코하임 카다이프 와플 원래도 와플... ,시오시작,blog.naver.com/dpfls080,20260104,두바이 초콜릿
수제빼빼로 가산디지털단지 <b>두바이</b>초콜렛 맛집 김보람<b>초콜릿</b>... ,https://blog.naver.com/angela881112/224069472348,저의사랑 두바이초콜렛까지!! 요즘 두바이쫀득쿠키에 빠져서 아직도 두바이앓이중인데 두바이초콜렛을... #김원초1호기다크초콜릿 #김원초다크초콜릿 #김보람아망드쇼콜라 #김보람<b>두바이초콜릿</b> 집에와서... ,쑥덕숙덕 레시피,blog.naver.com/angela881112,20251109,두바이 초콜릿
"한남동 디저트 맛집, <b>두바이 초콜릿</b> 붕어빵 아우치 한남점",https://blog.naver.com/moon_i20/224128311939,"앙버터 붕어빵, 팥 크림 붕어빵, <b>두바이 초콜릿</b> 붕어빵까지! 요즘 <b>두바이 초콜릿</b>이 다시 핫한데 붕어빵으로 먹을 수 있다니 좋군. 붕어빵에 커스텀해서 먹을 수 있는 버터도 있다. 젤라또 맛은 계절 한정 메뉴인... ",달로그,blog.naver.com/moon_i20,20251230,두바이 초콜릿
"공스킨, 가성비 '<b>두바이</b> 아몬드 <b>초콜릿</b>' 솔직 후기",https://blog.naver.com/spqmfkzk528/224138917601,고런 스타일입니다 990원 치곤 괜찮은 퀄리티라고 생각은 드네요  #공스킨 #가격 #두바이 #초코 #<b>두바이초콜릿</b> #초콜릿 #대란 #솔직후기 #내돈내산 #추천 #맛 #공스킨<b>두바이초콜릿</b> #공스킨두바이아몬드초콜릿... ,♡ 지상 유복치 ♡,blog.naver.com/spqmfkzk528,20260108,두바이 초콜릿
[리뷰] 드디어 먹어본 골든업스 <b>두바이 초콜릿</b>! 카다이프의... ,https://blog.naver.com/raing00/224135099800,"한 줄 평: &quot;바삭함의 차원이 다른, 진주 디저트 맛집의 저력!&quot; https://naver.me/FAPg9HTp #<b>두바이초콜릿</b> #<b>두바이초콜릿</b>파는곳 #카다이프초콜릿 #피스타치오초콜릿 #골든업스 #다인스그랜파 #수제초콜릿 #디저트맛집... ",로아힐링,blog.naver.com/raing00,20260105,두바이 초콜릿
고디바 피스타치오 카다이프 밀크 다크 <b>초콜릿</b> <b>두바이</b> 에디션... ,https://blog.naver.com/slow_wisdom/224087184050,"함께 보면 좋은 글 (click) 두바이에서 구매한 루카 초콜릿 초코말차 디저트들 후기 고디바 <b>두바이 초콜릿</b> 피스타치오 카다이프 GODIVA DUBAI CHOCOLATE 122g 홍콩페스티발 33,000",일러스트레이터 초록의 서재ㅣ취미부자 라이프,blog.naver.com/slow_wisdom,20251125,두바이 초콜릿
코스트코 대란템! 누스포 <b>두바이 초콜릿</b> 크림 솔직 후기,https://blog.naver.com/winephk/224068456685,누스포 <b>두바이 초콜릿</b> 크림은 누텔라보다 진하고 피스타치오보다 고소하다는 말이 있을 만큼 묵직한 질감과 고급스러운 단맛이라는 평이 있어 궁금 궁금 했는데 뚜껑을 열자마자 퍼지는 달콤한 초콜릿 향에... ,박쿤의 라이프로그,blog.naver.com/winephk,20251107,두바이 초콜릿
<b>두바이 초콜릿</b> 모찌쿠키 원조 몬트쿠키 두쫀쿠 배민 주문 후기,https://blog.naver.com/ms_answer/224139643677,<b>두바이 초콜릿</b> 모찌쿠키 원조 몬트쿠키 두쫀쿠 배민 주문 후기 <b>두바이 초콜릿</b> 모찌쿠키 원조 몬트쿠키 두쫀쿠 배민 주문 후기 요즘 두쫀쿠 두바이초코쿠키 두바이쫀득쿠키 난리도 아니죠 진짜 ~~ 몇 달 전부터... ,M I S S _ A N S W E R,blog.naver.com/ms_answer,20260108,두바이 초콜릿
신제주던킨 <b>두바이초콜릿</b>도넛 내돈내산후기,https://blog.naver.com/phytoncide___/224058645009,"최근 내 최애도넛은 바닐라빈 크림 들어간 수제도넛인데 오늘은 <b>두바이초콜릿</b> 도넛 목적으로 방문, <b>두바이초콜릿</b> 도넛이라도 부르지만 정확한 이름은 '두바이 스타일 초콜릿 도넛' 가격은 6500원. 카다이프랑... ",녹여내는 것이 좋아서,blog.naver.com/phytoncide___,20251030,두바이 초콜릿
RM 리얼 믹스 오리지널 <b>두바이 초콜릿</b> 엔젤 헤어 아랍 초코~,https://blog.naver.com/kokoleka_lim/224102286086,꺄아~ 예쁜 초콜릿 도착 !! 멀리먼 아랍 에미리트 라는 국가에서 만든 <b>두바이 초콜릿</b>의 일종 이로서 드디어 수입 두바이를 먹어본다 이 초코는 뭐가 특별하냐면 엔젤헤어 라는 이름으로 솜사탕이 들어있다 !!... ,"KOKOLEKA BLOG (초콜릿, 하와이안 훌라, 오리 타히티",blog.naver.com/kokoleka_lim,20251208,두바이 초콜릿
프리미엄 초콜릿 <b>두바이초콜릿</b> 사이공초콜릿 카카올라,https://blog.naver.com/imgasina/224014279692,"초콜릿의 맛과 품질을 최우선으로 생각하며, 고객들에게 세계여행을 직접 한 것 같은 경험을 제공하기 위해 각각의 나라의 특성을 잘 살린 초콜릿이에요. 중동의 매력 두바이 저..<b>두바이초콜릿</b> 한참 붐일때... ",Rahee 제주살이_❤️,blog.naver.com/imgasina,20250919,두바이 초콜릿
쿠알라룸푸르 공항 기념품 쇼핑 <b>두바이초콜릿</b>,https://blog.naver.com/inno73/224055827714,<b>두바이초콜릿</b>은 기대했던대로 초콜릿의 녹진한 풍미와 카다이프의 바삭하고 고소한 식감이 있어 재미있고 즐거운 맛이었다. DANSON 말레이시아 쿠알라룸푸르 공항 <b>두바이 초콜릿</b> 쿠알라룸푸르 공항 쇼핑 기념품... ,칼리의 행복한 오늘 여행,blog.naver.com/inno73,20251027,두바이 초콜릿
종로아이스크림123젤라또익선점 <b>두바이초콜릿</b>&amp;말치아이스크림,https://blog.naver.com/great_gogo/224133997578,왼쪽: 밤카라멜&amp;반트리즈니버터 오른쪽: <b>두바이초콜릿</b>&amp;제주말차 두바이초코는 이거 두바이 초코 아닙니다  차라리 씹히거나 코팅된 초코라도 있으면 모르겠는데 피스타치오 맛+눅눅한 카다이프맛이고 제주... ,"주로 돌아다니는, 인상 깊은 취미생활",blog.naver.com/great_gogo,20260104,두바이 초콜릿
왜 인기있는지 이해하는 <b>두바이 초콜릿</b> 뒷북ㅋㅋㅋ,https://blog.naver.com/lbr3523/224137140639,"미니 <b>두바이 초콜릿</b>! 둘다 트리투바 제품 하트 화이트초코 모양도 이뻐요 영롱✨✨✨ 크으 단면도 예술임.... 바사삭 신기하고 너무 매력적인 식감,,,,,,, 또 먹고 싶단 생각뿐..... 세상의 모든 초콜릿을 다 클리어... ",즐 거 운 청 춘 ♥,blog.naver.com/lbr3523,20260107,두바이 초콜릿
부평디저트 쇼콜라엘 and <b>두바이초콜릿</b> 달달함 가득,https://blog.naver.com/happy-luna/224126062579,"내가 좋아하는 보라색~~ㅎㅎ 부평디저트 쇼콜라엘 요즘 핫한 두바이쫀득쿠키, <b>두바이초콜릿</b>도 있고, 초콜릿 디저트는 전부 다 있다고 보면 된다. 부평디저트 쇼콜라엘 음료메뉴 부평디저트 쇼콜라엘 음료메뉴... ",철학하는주방 미성Victoria,blog.naver.com/happy-luna,20251229,두바이 초콜릿
<b>두바이 초콜릿</b>을 떡으로?... 즐기는 떡미당 두바이 초코 찹쌀떡,https://blog.naver.com/ok-farm/224124768732,겉면은 달콤한 초콜릿으로 코팅되어 있어 맛의 완성도를 높였다고 해요. 냉동 보관 제품이라 먹고 싶을... https://vvd.bz/8c9 #떡미당 #두바이초코찹쌀떡 #<b>두바이초콜릿</b>떡 #카다이프디저트 #이색간식 #홈카페디저트,나른나른 일상 이야기,blog.naver.com/ok-farm,20251227,두바이 초콜릿
편의점 <b>두바이 초콜릿</b> GS25 초코텍 리얼 카다이프 씬초콜릿... ,https://blog.naver.com/p_yoojin/224138158376,해결된 것으로 만족한다 #편의점<b>두바이초콜릿</b> #편의점두바이쫀득쿠키 #편의점간식추천 #편의점초콜릿 #GS25<b>두바이초콜릿</b> #초코텍 #초코텍<b>두바이초콜릿</b> #<b>두바이초콜릿</b> #리얼카다이프씬초콜릿 #GS25간식리뷰,Dream comes true !,blog.naver.com/p_yoojin,20260107,두바이 초콜릿
일본 MZ의 먹킷리스트 랭킹! 마라탕부터 <b>두바이 초콜릿</b>까지 ✨,https://blog.naver.com/mitsharu/224134134177,"ASMR 끝판왕, '<b>두바이 초콜릿</b>(Dubai Chocolate)'  요즘 이거 모르면 간첩 소리 듣죠? 아랍에미리트 두바이에서 시작되어 전 세계를 강타한 바로 그 디저트입니다. 매력 포인트: 초콜릿 속에 피스타치오 페이스트와... ",재팬네모로그,blog.naver.com/mitsharu,20260107,두바이 초콜릿
"AMA<b>두바이초콜릿</b>, 제주<b>두바이초콜릿</b>(솔직후기 피스타치오&amp;땅콩)",https://blog.naver.com/haembok/224097255335,양해부탁 #AMA<b>두바이초콜릿</b> #<b>두바이초콜릿</b> #피스타치오초콜릿 #땅콩초콜릿 #제주도<b>두바이초콜릿</b> #제주초콜릿 #제주여행기념품 #제주간식 #제주디저트 #수입초콜릿 #중동초콜릿 #고급초콜릿 #프리미엄초콜릿... ,MediAlcholson,blog.naver.com/haembok,20251203,두바이 초콜릿
<b>두바이초콜릿</b> 픽스 FIX dubai chocolate 초콜렛 맛있당,https://blog.naver.com/c770404/224138113785,<b>두바이초콜릿</b> 픽스 FIX dubai chocolate 초콜렛 맛있당 픽스 <b>두바이 초콜릿</b> FIX dubai chocolate 진짜... 맛있는 초콜릿 두바이초콜렛 픽스 FIX dubai chocolate 시식후기 끝 ㅎㅎ 다크는 다음에 올려볼께요 진심... ,해피투쩡 일상이야기,blog.naver.com/c770404,20260107,두바이 초콜릿
중동 디저트 감성 그대로 <b>두바이</b> 피스타치오 카다이프 <b>초콜릿</b>... ,https://blog.naver.com/dkflfkdfhd998/224140628483,"요즘 가장 화제인 디저트 중 하나, 바로 두바이 피스타치오 카다이프 초콜릿. 그 독특한 고급 디저트 감성을 그대로 담은 액상이 <b>두바이 초콜릿</b> 액상입니다. 일반 초콜릿 액상과는 다르게 피스타치오의 고소함... ",전담라운지24(전자담배할인매장),blog.naver.com/dkflfkdfhd998,20260109,두바이 초콜릿
두바이에서 온 진짜 <b>두바이초콜릿</b> 리뷰  Patchi... ,https://blog.naver.com/moorezi/224135642787,오빠가 두바이로 출장중이라길래 <b>두바이 초콜릿</b> 사달라고 했다가 읽씹을 당했는데 그후 몇개월후 또... 오호호 찾아보니 Patchi 브랜드가 면세점에서 판매하고있는 초콜릿이였어요 메이드인 아랍에미리트... ,모두 행복하자,blog.naver.com/moorezi,20260105,두바이 초콜릿
처음 먹어보는 <b>두바이 초콜릿</b>~,https://blog.naver.com/cjhmk/224118220679,사온 초콜릿~ 바로 그 유명한 두바이 초콜렛입니다 보통 피스타치오가 들어가는데... 이지 프레즐이 들어가는 <b>두바이 초콜릿</b> 입니다 맛이 일단 너무 궁금하더라구요 인크레더블! 진짜일까? 상당히 두툼합니다... ,올드타이머의 즐거운 라이프,blog.naver.com/cjhmk,20251222,두바이 초콜릿
장원영 <b>두바이초콜릿</b> 초콜렛 시리얼 씨리얼 책 강민경 선물,https://blog.naver.com/tazsun20/223995786045,"보러가기 ✔️장원영 <b>두바이 초콜릿</b> 장원영님이 도하공항에서 샀다며 소개한 초콜릿은 린트 두바이 피스타치오 초콜릿이였는데요! 부드러운 밀크 초콜릿 속에 고소한 피스타치오 크림과 아몬드, 헤이즐넛... ",꿀리뷰,blog.naver.com/tazsun20,20250905,두바이 초콜릿
버미샐리 <b>두바이 초콜릿</b>,https://blog.naver.com/mornfood/224119814817,커버춰 초콜릿을 중탕해서 녹여 초콜릿 틀에 얇게 부운 후 3을 고르게 넣고 다시 초콜릿으로 덮는다. <b>두바이 초콜릿</b> 비싼대 이유있군요 ..... 너무 맛있어서 중독되는 맛!!! 집에서 연말 분위기 내면서 달달한... ,㈜M&F 블로그 입니다.,blog.naver.com/mornfood,20251223,두바이 초콜릿
